-- phpMyAdmin SQL Dump
-- version 4.0.9
-- http://www.phpmyadmin.net
--
-- Host: 127.0.0.1
-- Generation Time: Oct 26, 2015 at 05:03 AM
-- Server version: 5.6.14
-- PHP Version: 5.5.6

SET SQL_MODE = "NO_AUTO_VALUE_ON_ZERO";
SET time_zone = "+00:00";


/*!40101 SET @OLD_CHARACTER_SET_CLIENT=@@CHARACTER_SET_CLIENT */;
/*!40101 SET @OLD_CHARACTER_SET_RESULTS=@@CHARACTER_SET_RESULTS */;
/*!40101 SET @OLD_COLLATION_CONNECTION=@@COLLATION_CONNECTION */;
/*!40101 SET NAMES utf8 */;

--
-- Database: `grand_rama`
--

-- --------------------------------------------------------

--
-- Table structure for table `city`
--

CREATE TABLE IF NOT EXISTS `city` (
  `zone_id` int(11) NOT NULL AUTO_INCREMENT,
  `country_id` int(11) NOT NULL,
  `name` varchar(128) NOT NULL,
  `status` tinyint(1) NOT NULL DEFAULT '1',
  PRIMARY KEY (`zone_id`)
) ENGINE=InnoDB  DEFAULT CHARSET=latin1 AUTO_INCREMENT=4230 ;

--
-- Dumping data for table `city`
--

INSERT INTO `city` (`zone_id`, `country_id`, `name`, `status`) VALUES
(1, 1, 'Badakhshan', 1),
(2, 1, 'Badghis', 1),
(3, 1, 'Baghlan', 1),
(4, 1, 'Balkh', 1),
(5, 1, 'Bamian', 1),
(6, 1, 'Farah', 1),
(7, 1, 'Faryab', 1),
(8, 1, 'Ghazni', 1),
(9, 1, 'Ghowr', 1),
(10, 1, 'Helmand', 1),
(11, 1, 'Herat', 1),
(12, 1, 'Jowzjan', 1),
(13, 1, 'Kabul', 1),
(14, 1, 'Kandahar', 1),
(15, 1, 'Kapisa', 1),
(16, 1, 'Khost', 1),
(17, 1, 'Konar', 1),
(18, 1, 'Kondoz', 1),
(19, 1, 'Laghman', 1),
(20, 1, 'Lowgar', 1),
(21, 1, 'Nangrahar', 1),
(22, 1, 'Nimruz', 1),
(23, 1, 'Nurestan', 1),
(24, 1, 'Oruzgan', 1),
(25, 1, 'Paktia', 1),
(26, 1, 'Paktika', 1),
(27, 1, 'Parwan', 1),
(28, 1, 'Samangan', 1),
(29, 1, 'Sar-e Pol', 1),
(30, 1, 'Takhar', 1),
(31, 1, 'Wardak', 1),
(32, 1, 'Zabol', 1),
(33, 2, 'Berat', 1),
(34, 2, 'Bulqize', 1),
(35, 2, 'Delvine', 1),
(36, 2, 'Devoll', 1),
(37, 2, 'Diber', 1),
(38, 2, 'Durres', 1),
(39, 2, 'Elbasan', 1),
(40, 2, 'Kolonje', 1),
(41, 2, 'Fier', 1),
(42, 2, 'Gjirokaster', 1),
(43, 2, 'Gramsh', 1),
(44, 2, 'Has', 1),
(45, 2, 'Kavaje', 1),
(46, 2, 'Kurbin', 1),
(47, 2, 'Kucove', 1),
(48, 2, 'Korce', 1),
(49, 2, 'Kruje', 1),
(50, 2, 'Kukes', 1),
(51, 2, 'Librazhd', 1),
(52, 2, 'Lezhe', 1),
(53, 2, 'Lushnje', 1),
(54, 2, 'Malesi e Madhe', 1),
(55, 2, 'Mallakaster', 1),
(56, 2, 'Mat', 1),
(57, 2, 'Mirdite', 1),
(58, 2, 'Peqin', 1),
(59, 2, 'Permet', 1),
(60, 2, 'Pogradec', 1),
(61, 2, 'Puke', 1),
(62, 2, 'Shkoder', 1),
(63, 2, 'Skrapar', 1),
(64, 2, 'Sarande', 1),
(65, 2, 'Tepelene', 1),
(66, 2, 'Tropoje', 1),
(67, 2, 'Tirane', 1),
(68, 2, 'Vlore', 1),
(69, 3, 'Adrar', 1),
(70, 3, 'Ain Defla', 1),
(71, 3, 'Ain Temouchent', 1),
(72, 3, 'Alger', 1),
(73, 3, 'Annaba', 1),
(74, 3, 'Batna', 1),
(75, 3, 'Bechar', 1),
(76, 3, 'Bejaia', 1),
(77, 3, 'Biskra', 1),
(78, 3, 'Blida', 1),
(79, 3, 'Bordj Bou Arreridj', 1),
(80, 3, 'Bouira', 1),
(81, 3, 'Boumerdes', 1),
(82, 3, 'Chlef', 1),
(83, 3, 'Constantine', 1),
(84, 3, 'Djelfa', 1),
(85, 3, 'El Bayadh', 1),
(86, 3, 'El Oued', 1),
(87, 3, 'El Tarf', 1),
(88, 3, 'Ghardaia', 1),
(89, 3, 'Guelma', 1),
(90, 3, 'Illizi', 1),
(91, 3, 'Jijel', 1),
(92, 3, 'Khenchela', 1),
(93, 3, 'Laghouat', 1),
(94, 3, 'Muaskar', 1),
(95, 3, 'Medea', 1),
(96, 3, 'Mila', 1),
(97, 3, 'Mostaganem', 1),
(98, 3, 'M''Sila', 1),
(99, 3, 'Naama', 1),
(100, 3, 'Oran', 1),
(101, 3, 'Ouargla', 1),
(102, 3, 'Oum el-Bouaghi', 1),
(103, 3, 'Relizane', 1),
(104, 3, 'Saida', 1),
(105, 3, 'Setif', 1),
(106, 3, 'Sidi Bel Abbes', 1),
(107, 3, 'Skikda', 1),
(108, 3, 'Souk Ahras', 1),
(109, 3, 'Tamanghasset', 1),
(110, 3, 'Tebessa', 1),
(111, 3, 'Tiaret', 1),
(112, 3, 'Tindouf', 1),
(113, 3, 'Tipaza', 1),
(114, 3, 'Tissemsilt', 1),
(115, 3, 'Tizi Ouzou', 1),
(116, 3, 'Tlemcen', 1),
(117, 4, 'Eastern', 1),
(118, 4, 'Manu''a', 1),
(119, 4, 'Rose Island', 1),
(120, 4, 'Swains Island', 1),
(121, 4, 'Western', 1),
(122, 5, 'Andorra la Vella', 1),
(123, 5, 'Canillo', 1),
(124, 5, 'Encamp', 1),
(125, 5, 'Escaldes-Engordany', 1),
(126, 5, 'La Massana', 1),
(127, 5, 'Ordino', 1),
(128, 5, 'Sant Julia de Loria', 1),
(129, 6, 'Bengo', 1),
(130, 6, 'Benguela', 1),
(131, 6, 'Bie', 1),
(132, 6, 'Cabinda', 1),
(133, 6, 'Cuando-Cubango', 1),
(134, 6, 'Cuanza Norte', 1),
(135, 6, 'Cuanza Sul', 1),
(136, 6, 'Cunene', 1),
(137, 6, 'Huambo', 1),
(138, 6, 'Huila', 1),
(139, 6, 'Luanda', 1),
(140, 6, 'Lunda Norte', 1),
(141, 6, 'Lunda Sul', 1),
(142, 6, 'Malange', 1),
(143, 6, 'Moxico', 1),
(144, 6, 'Namibe', 1),
(145, 6, 'Uige', 1),
(146, 6, 'Zaire', 1),
(147, 9, 'Saint George', 1),
(148, 9, 'Saint John', 1),
(149, 9, 'Saint Mary', 1),
(150, 9, 'Saint Paul', 1),
(151, 9, 'Saint Peter', 1),
(152, 9, 'Saint Philip', 1),
(153, 9, 'Barbuda', 1),
(154, 9, 'Redonda', 1),
(155, 10, 'Antartida e Islas del Atlantico', 1),
(156, 10, 'Buenos Aires', 1),
(157, 10, 'Catamarca', 1),
(158, 10, 'Chaco', 1),
(159, 10, 'Chubut', 1),
(160, 10, 'Cordoba', 1),
(161, 10, 'Corrientes', 1),
(162, 10, 'Distrito Federal', 1),
(163, 10, 'Entre Rios', 1),
(164, 10, 'Formosa', 1),
(165, 10, 'Jujuy', 1),
(166, 10, 'La Pampa', 1),
(167, 10, 'La Rioja', 1),
(168, 10, 'Mendoza', 1),
(169, 10, 'Misiones', 1),
(170, 10, 'Neuquen', 1),
(171, 10, 'Rio Negro', 1),
(172, 10, 'Salta', 1),
(173, 10, 'San Juan', 1),
(174, 10, 'San Luis', 1),
(175, 10, 'Santa Cruz', 1),
(176, 10, 'Santa Fe', 1),
(177, 10, 'Santiago del Estero', 1),
(178, 10, 'Tierra del Fuego', 1),
(179, 10, 'Tucuman', 1),
(180, 11, 'Aragatsotn', 1),
(181, 11, 'Ararat', 1),
(182, 11, 'Armavir', 1),
(183, 11, 'Geghark''unik''', 1),
(184, 11, 'Kotayk''', 1),
(185, 11, 'Lorri', 1),
(186, 11, 'Shirak', 1),
(187, 11, 'Syunik''', 1),
(188, 11, 'Tavush', 1),
(189, 11, 'Vayots'' Dzor', 1),
(190, 11, 'Yerevan', 1),
(191, 13, 'Australian Capital Territory', 1),
(192, 13, 'New South Wales', 1),
(193, 13, 'Northern Territory', 1),
(194, 13, 'Queensland', 1),
(195, 13, 'South Australia', 1),
(196, 13, 'Tasmania', 1),
(197, 13, 'Victoria', 1),
(198, 13, 'Western Australia', 1),
(199, 14, 'Burgenland', 1),
(200, 14, 'Kärnten', 1),
(201, 14, 'Nieder&ouml;sterreich', 1),
(202, 14, 'Ober&ouml;sterreich', 1),
(203, 14, 'Salzburg', 1),
(204, 14, 'Steiermark', 1),
(205, 14, 'Tirol', 1),
(206, 14, 'Vorarlberg', 1),
(207, 14, 'Wien', 1),
(208, 15, 'Ali Bayramli', 1),
(209, 15, 'Abseron', 1),
(210, 15, 'AgcabAdi', 1),
(211, 15, 'Agdam', 1),
(212, 15, 'Agdas', 1),
(213, 15, 'Agstafa', 1),
(214, 15, 'Agsu', 1),
(215, 15, 'Astara', 1),
(216, 15, 'Baki', 1),
(217, 15, 'BabAk', 1),
(218, 15, 'BalakAn', 1),
(219, 15, 'BArdA', 1),
(220, 15, 'Beylaqan', 1),
(221, 15, 'Bilasuvar', 1),
(222, 15, 'Cabrayil', 1),
(223, 15, 'Calilabab', 1),
(224, 15, 'Culfa', 1),
(225, 15, 'Daskasan', 1),
(226, 15, 'Davaci', 1),
(227, 15, 'Fuzuli', 1),
(228, 15, 'Ganca', 1),
(229, 15, 'Gadabay', 1),
(230, 15, 'Goranboy', 1),
(231, 15, 'Goycay', 1),
(232, 15, 'Haciqabul', 1),
(233, 15, 'Imisli', 1),
(234, 15, 'Ismayilli', 1),
(235, 15, 'Kalbacar', 1),
(236, 15, 'Kurdamir', 1),
(237, 15, 'Lankaran', 1),
(238, 15, 'Lacin', 1),
(239, 15, 'Lankaran', 1),
(240, 15, 'Lerik', 1),
(241, 15, 'Masalli', 1),
(242, 15, 'Mingacevir', 1),
(243, 15, 'Naftalan', 1),
(244, 15, 'Neftcala', 1),
(245, 15, 'Oguz', 1),
(246, 15, 'Ordubad', 1),
(247, 15, 'Qabala', 1),
(248, 15, 'Qax', 1),
(249, 15, 'Qazax', 1),
(250, 15, 'Qobustan', 1),
(251, 15, 'Quba', 1),
(252, 15, 'Qubadli', 1),
(253, 15, 'Qusar', 1),
(254, 15, 'Saki', 1),
(255, 15, 'Saatli', 1),
(256, 15, 'Sabirabad', 1),
(257, 15, 'Sadarak', 1),
(258, 15, 'Sahbuz', 1),
(259, 15, 'Saki', 1),
(260, 15, 'Salyan', 1),
(261, 15, 'Sumqayit', 1),
(262, 15, 'Samaxi', 1),
(263, 15, 'Samkir', 1),
(264, 15, 'Samux', 1),
(265, 15, 'Sarur', 1),
(266, 15, 'Siyazan', 1),
(267, 15, 'Susa', 1),
(268, 15, 'Susa', 1),
(269, 15, 'Tartar', 1),
(270, 15, 'Tovuz', 1),
(271, 15, 'Ucar', 1),
(272, 15, 'Xankandi', 1),
(273, 15, 'Xacmaz', 1),
(274, 15, 'Xanlar', 1),
(275, 15, 'Xizi', 1),
(276, 15, 'Xocali', 1),
(277, 15, 'Xocavand', 1),
(278, 15, 'Yardimli', 1),
(279, 15, 'Yevlax', 1),
(280, 15, 'Zangilan', 1),
(281, 15, 'Zaqatala', 1),
(282, 15, 'Zardab', 1),
(283, 15, 'Naxcivan', 1),
(284, 16, 'Acklins', 1),
(285, 16, 'Berry Islands', 1),
(286, 16, 'Bimini', 1),
(287, 16, 'Black Point', 1),
(288, 16, 'Cat Island', 1),
(289, 16, 'Central Abaco', 1),
(290, 16, 'Central Andros', 1),
(291, 16, 'Central Eleuthera', 1),
(292, 16, 'City of Freeport', 1),
(293, 16, 'Crooked Island', 1),
(294, 16, 'East Grand Bahama', 1),
(295, 16, 'Exuma', 1),
(296, 16, 'Grand Cay', 1),
(297, 16, 'Harbour Island', 1),
(298, 16, 'Hope Town', 1),
(299, 16, 'Inagua', 1),
(300, 16, 'Long Island', 1),
(301, 16, 'Mangrove Cay', 1),
(302, 16, 'Mayaguana', 1),
(303, 16, 'Moore''s Island', 1),
(304, 16, 'North Abaco', 1),
(305, 16, 'North Andros', 1),
(306, 16, 'North Eleuthera', 1),
(307, 16, 'Ragged Island', 1),
(308, 16, 'Rum Cay', 1),
(309, 16, 'San Salvador', 1),
(310, 16, 'South Abaco', 1),
(311, 16, 'South Andros', 1),
(312, 16, 'South Eleuthera', 1),
(313, 16, 'Spanish Wells', 1),
(314, 16, 'West Grand Bahama', 1),
(315, 17, 'Capital', 1),
(316, 17, 'Central', 1),
(317, 17, 'Muharraq', 1),
(318, 17, 'Northern', 1),
(319, 17, 'Southern', 1),
(320, 18, 'Barisal', 1),
(321, 18, 'Chittagong', 1),
(322, 18, 'Dhaka', 1),
(323, 18, 'Khulna', 1),
(324, 18, 'Rajshahi', 1),
(325, 18, 'Sylhet', 1),
(326, 19, 'Christ Church', 1),
(327, 19, 'Saint Andrew', 1),
(328, 19, 'Saint George', 1),
(329, 19, 'Saint James', 1),
(330, 19, 'Saint John', 1),
(331, 19, 'Saint Joseph', 1),
(332, 19, 'Saint Lucy', 1),
(333, 19, 'Saint Michael', 1),
(334, 19, 'Saint Peter', 1),
(335, 19, 'Saint Philip', 1),
(336, 19, 'Saint Thomas', 1),
(337, 20, 'Brestskaya (Brest)', 1),
(338, 20, 'Homyel''skaya (Homyel'')', 1),
(339, 20, 'Horad Minsk', 1),
(340, 20, 'Hrodzyenskaya (Hrodna)', 1),
(341, 20, 'Mahilyowskaya (Mahilyow)', 1),
(342, 20, 'Minskaya', 1),
(343, 20, 'Vitsyebskaya (Vitsyebsk)', 1),
(344, 21, 'Antwerpen', 1),
(345, 21, 'Brabant Wallon', 1),
(346, 21, 'Hainaut', 1),
(347, 21, 'Liège', 1),
(348, 21, 'Limburg', 1),
(349, 21, 'Luxembourg', 1),
(350, 21, 'Namur', 1),
(351, 21, 'Oost-Vlaanderen', 1),
(352, 21, 'Vlaams Brabant', 1),
(353, 21, 'West-Vlaanderen', 1),
(354, 22, 'Belize', 1),
(355, 22, 'Cayo', 1),
(356, 22, 'Corozal', 1),
(357, 22, 'Orange Walk', 1),
(358, 22, 'Stann Creek', 1),
(359, 22, 'Toledo', 1),
(360, 23, 'Alibori', 1),
(361, 23, 'Atakora', 1),
(362, 23, 'Atlantique', 1),
(363, 23, 'Borgou', 1),
(364, 23, 'Collines', 1),
(365, 23, 'Donga', 1),
(366, 23, 'Kouffo', 1),
(367, 23, 'Littoral', 1),
(368, 23, 'Mono', 1),
(369, 23, 'Oueme', 1),
(370, 23, 'Plateau', 1),
(371, 23, 'Zou', 1),
(372, 24, 'Devonshire', 1),
(373, 24, 'Hamilton City', 1),
(374, 24, 'Hamilton', 1),
(375, 24, 'Paget', 1),
(376, 24, 'Pembroke', 1),
(377, 24, 'Saint George City', 1),
(378, 24, 'Saint George''s', 1),
(379, 24, 'Sandys', 1),
(380, 24, 'Smith''s', 1),
(381, 24, 'Southampton', 1),
(382, 24, 'Warwick', 1),
(383, 25, 'Bumthang', 1),
(384, 25, 'Chukha', 1),
(385, 25, 'Dagana', 1),
(386, 25, 'Gasa', 1),
(387, 25, 'Haa', 1),
(388, 25, 'Lhuntse', 1),
(389, 25, 'Mongar', 1),
(390, 25, 'Paro', 1),
(391, 25, 'Pemagatshel', 1),
(392, 25, 'Punakha', 1),
(393, 25, 'Samdrup Jongkhar', 1),
(394, 25, 'Samtse', 1),
(395, 25, 'Sarpang', 1),
(396, 25, 'Thimphu', 1),
(397, 25, 'Trashigang', 1),
(398, 25, 'Trashiyangste', 1),
(399, 25, 'Trongsa', 1),
(400, 25, 'Tsirang', 1),
(401, 25, 'Wangdue Phodrang', 1),
(402, 25, 'Zhemgang', 1),
(403, 26, 'Beni', 1),
(404, 26, 'Chuquisaca', 1),
(405, 26, 'Cochabamba', 1),
(406, 26, 'La Paz', 1),
(407, 26, 'Oruro', 1),
(408, 26, 'Pando', 1),
(409, 26, 'Potosi', 1),
(410, 26, 'Santa Cruz', 1),
(411, 26, 'Tarija', 1),
(412, 27, 'Brcko district', 1),
(413, 27, 'Unsko-Sanski Kanton', 1),
(414, 27, 'Posavski Kanton', 1),
(415, 27, 'Tuzlanski Kanton', 1),
(416, 27, 'Zenicko-Dobojski Kanton', 1),
(417, 27, 'Bosanskopodrinjski Kanton', 1),
(418, 27, 'Srednjebosanski Kanton', 1),
(419, 27, 'Hercegovacko-neretvanski Kanton', 1),
(420, 27, 'Zapadnohercegovacka Zupanija', 1),
(421, 27, 'Kanton Sarajevo', 1),
(422, 27, 'Zapadnobosanska', 1),
(423, 27, 'Banja Luka', 1),
(424, 27, 'Doboj', 1),
(425, 27, 'Bijeljina', 1),
(426, 27, 'Vlasenica', 1),
(427, 27, 'Sarajevo-Romanija or Sokolac', 1),
(428, 27, 'Foca', 1),
(429, 27, 'Trebinje', 1),
(430, 28, 'Central', 1),
(431, 28, 'Ghanzi', 1),
(432, 28, 'Kgalagadi', 1),
(433, 28, 'Kgatleng', 1),
(434, 28, 'Kweneng', 1),
(435, 28, 'Ngamiland', 1),
(436, 28, 'North East', 1),
(437, 28, 'North West', 1),
(438, 28, 'South East', 1),
(439, 28, 'Southern', 1),
(440, 30, 'Acre', 1),
(441, 30, 'Alagoas', 1),
(442, 30, 'Amapá', 1),
(443, 30, 'Amazonas', 1),
(444, 30, 'Bahia', 1),
(445, 30, 'Ceará', 1),
(446, 30, 'Distrito Federal', 1),
(447, 30, 'Espírito Santo', 1),
(448, 30, 'Goiás', 1),
(449, 30, 'Maranhão', 1),
(450, 30, 'Mato Grosso', 1),
(451, 30, 'Mato Grosso do Sul', 1),
(452, 30, 'Minas Gerais', 1),
(453, 30, 'Pará', 1),
(454, 30, 'Paraíba', 1),
(455, 30, 'Paraná', 1),
(456, 30, 'Pernambuco', 1),
(457, 30, 'Piauí', 1),
(458, 30, 'Rio de Janeiro', 1),
(459, 30, 'Rio Grande do Norte', 1),
(460, 30, 'Rio Grande do Sul', 1),
(461, 30, 'Rondônia', 1),
(462, 30, 'Roraima', 1),
(463, 30, 'Santa Catarina', 1),
(464, 30, 'São Paulo', 1),
(465, 30, 'Sergipe', 1),
(466, 30, 'Tocantins', 1),
(467, 31, 'Peros Banhos', 1),
(468, 31, 'Salomon Islands', 1),
(469, 31, 'Nelsons Island', 1),
(470, 31, 'Three Brothers', 1),
(471, 31, 'Eagle Islands', 1),
(472, 31, 'Danger Island', 1),
(473, 31, 'Egmont Islands', 1),
(474, 31, 'Diego Garcia', 1),
(475, 32, 'Belait', 1),
(476, 32, 'Brunei and Muara', 1),
(477, 32, 'Temburong', 1),
(478, 32, 'Tutong', 1),
(479, 33, 'Blagoevgrad', 1),
(480, 33, 'Burgas', 1),
(481, 33, 'Dobrich', 1),
(482, 33, 'Gabrovo', 1),
(483, 33, 'Haskovo', 1),
(484, 33, 'Kardjali', 1),
(485, 33, 'Kyustendil', 1),
(486, 33, 'Lovech', 1),
(487, 33, 'Montana', 1),
(488, 33, 'Pazardjik', 1),
(489, 33, 'Pernik', 1),
(490, 33, 'Pleven', 1),
(491, 33, 'Plovdiv', 1),
(492, 33, 'Razgrad', 1),
(493, 33, 'Shumen', 1),
(494, 33, 'Silistra', 1),
(495, 33, 'Sliven', 1),
(496, 33, 'Smolyan', 1),
(497, 33, 'Sofia', 1),
(498, 33, 'Sofia - town', 1),
(499, 33, 'Stara Zagora', 1),
(500, 33, 'Targovishte', 1),
(501, 33, 'Varna', 1),
(502, 33, 'Veliko Tarnovo', 1),
(503, 33, 'Vidin', 1),
(504, 33, 'Vratza', 1),
(505, 33, 'Yambol', 1),
(506, 34, 'Bale', 1),
(507, 34, 'Bam', 1),
(508, 34, 'Banwa', 1),
(509, 34, 'Bazega', 1),
(510, 34, 'Bougouriba', 1),
(511, 34, 'Boulgou', 1),
(512, 34, 'Boulkiemde', 1),
(513, 34, 'Comoe', 1),
(514, 34, 'Ganzourgou', 1),
(515, 34, 'Gnagna', 1),
(516, 34, 'Gourma', 1),
(517, 34, 'Houet', 1),
(518, 34, 'Ioba', 1),
(519, 34, 'Kadiogo', 1),
(520, 34, 'Kenedougou', 1),
(521, 34, 'Komondjari', 1),
(522, 34, 'Kompienga', 1),
(523, 34, 'Kossi', 1),
(524, 34, 'Koulpelogo', 1),
(525, 34, 'Kouritenga', 1),
(526, 34, 'Kourweogo', 1),
(527, 34, 'Leraba', 1),
(528, 34, 'Loroum', 1),
(529, 34, 'Mouhoun', 1),
(530, 34, 'Nahouri', 1),
(531, 34, 'Namentenga', 1),
(532, 34, 'Nayala', 1),
(533, 34, 'Noumbiel', 1),
(534, 34, 'Oubritenga', 1),
(535, 34, 'Oudalan', 1),
(536, 34, 'Passore', 1),
(537, 34, 'Poni', 1),
(538, 34, 'Sanguie', 1),
(539, 34, 'Sanmatenga', 1),
(540, 34, 'Seno', 1),
(541, 34, 'Sissili', 1),
(542, 34, 'Soum', 1),
(543, 34, 'Sourou', 1),
(544, 34, 'Tapoa', 1),
(545, 34, 'Tuy', 1),
(546, 34, 'Yagha', 1),
(547, 34, 'Yatenga', 1),
(548, 34, 'Ziro', 1),
(549, 34, 'Zondoma', 1),
(550, 34, 'Zoundweogo', 1),
(551, 35, 'Bubanza', 1),
(552, 35, 'Bujumbura', 1),
(553, 35, 'Bururi', 1),
(554, 35, 'Cankuzo', 1),
(555, 35, 'Cibitoke', 1),
(556, 35, 'Gitega', 1),
(557, 35, 'Karuzi', 1),
(558, 35, 'Kayanza', 1),
(559, 35, 'Kirundo', 1),
(560, 35, 'Makamba', 1),
(561, 35, 'Muramvya', 1),
(562, 35, 'Muyinga', 1),
(563, 35, 'Mwaro', 1),
(564, 35, 'Ngozi', 1),
(565, 35, 'Rutana', 1),
(566, 35, 'Ruyigi', 1),
(567, 36, 'Phnom Penh', 1),
(568, 36, 'Preah Seihanu (Kompong Som or Sihanoukville)', 1),
(569, 36, 'Pailin', 1),
(570, 36, 'Keb', 1),
(571, 36, 'Banteay Meanchey', 1),
(572, 36, 'Battambang', 1),
(573, 36, 'Kampong Cham', 1),
(574, 36, 'Kampong Chhnang', 1),
(575, 36, 'Kampong Speu', 1),
(576, 36, 'Kampong Som', 1),
(577, 36, 'Kampong Thom', 1),
(578, 36, 'Kampot', 1),
(579, 36, 'Kandal', 1),
(580, 36, 'Kaoh Kong', 1),
(581, 36, 'Kratie', 1),
(582, 36, 'Mondul Kiri', 1),
(583, 36, 'Oddar Meancheay', 1),
(584, 36, 'Pursat', 1),
(585, 36, 'Preah Vihear', 1),
(586, 36, 'Prey Veng', 1),
(587, 36, 'Ratanak Kiri', 1),
(588, 36, 'Siemreap', 1),
(589, 36, 'Stung Treng', 1),
(590, 36, 'Svay Rieng', 1),
(591, 36, 'Takeo', 1),
(592, 37, 'Adamawa (Adamaoua)', 1),
(593, 37, 'Centre', 1),
(594, 37, 'East (Est)', 1),
(595, 37, 'Extreme North (Extreme-Nord)', 1),
(596, 37, 'Littoral', 1),
(597, 37, 'North (Nord)', 1),
(598, 37, 'Northwest (Nord-Ouest)', 1),
(599, 37, 'West (Ouest)', 1),
(600, 37, 'South (Sud)', 1),
(601, 37, 'Southwest (Sud-Ouest).', 1),
(602, 38, 'Alberta', 1),
(603, 38, 'British Columbia', 1),
(604, 38, 'Manitoba', 1),
(605, 38, 'New Brunswick', 1),
(606, 38, 'Newfoundland and Labrador', 1),
(607, 38, 'Northwest Territories', 1),
(608, 38, 'Nova Scotia', 1),
(609, 38, 'Nunavut', 1),
(610, 38, 'Ontario', 1),
(611, 38, 'Prince Edward Island', 1),
(612, 38, 'Qu&eacute;bec', 1),
(613, 38, 'Saskatchewan', 1),
(614, 38, 'Yukon Territory', 1),
(615, 39, 'Boa Vista', 1),
(616, 39, 'Brava', 1),
(617, 39, 'Calheta de Sao Miguel', 1),
(618, 39, 'Maio', 1),
(619, 39, 'Mosteiros', 1),
(620, 39, 'Paul', 1),
(621, 39, 'Porto Novo', 1),
(622, 39, 'Praia', 1),
(623, 39, 'Ribeira Grande', 1),
(624, 39, 'Sal', 1),
(625, 39, 'Santa Catarina', 1),
(626, 39, 'Santa Cruz', 1),
(627, 39, 'Sao Domingos', 1),
(628, 39, 'Sao Filipe', 1),
(629, 39, 'Sao Nicolau', 1),
(630, 39, 'Sao Vicente', 1),
(631, 39, 'Tarrafal', 1),
(632, 40, 'Creek', 1),
(633, 40, 'Eastern', 1),
(634, 40, 'Midland', 1),
(635, 40, 'South Town', 1),
(636, 40, 'Spot Bay', 1),
(637, 40, 'Stake Bay', 1),
(638, 40, 'West End', 1),
(639, 40, 'Western', 1),
(640, 41, 'Bamingui-Bangoran', 1),
(641, 41, 'Basse-Kotto', 1),
(642, 41, 'Haute-Kotto', 1),
(643, 41, 'Haut-Mbomou', 1),
(644, 41, 'Kemo', 1),
(645, 41, 'Lobaye', 1),
(646, 41, 'Mambere-KadeÔ', 1),
(647, 41, 'Mbomou', 1),
(648, 41, 'Nana-Mambere', 1),
(649, 41, 'Ombella-M''Poko', 1),
(650, 41, 'Ouaka', 1),
(651, 41, 'Ouham', 1),
(652, 41, 'Ouham-Pende', 1),
(653, 41, 'Vakaga', 1),
(654, 41, 'Nana-Grebizi', 1),
(655, 41, 'Sangha-Mbaere', 1),
(656, 41, 'Bangui', 1),
(657, 42, 'Batha', 1),
(658, 42, 'Biltine', 1),
(659, 42, 'Borkou-Ennedi-Tibesti', 1),
(660, 42, 'Chari-Baguirmi', 1),
(661, 42, 'Guera', 1),
(662, 42, 'Kanem', 1),
(663, 42, 'Lac', 1),
(664, 42, 'Logone Occidental', 1),
(665, 42, 'Logone Oriental', 1),
(666, 42, 'Mayo-Kebbi', 1),
(667, 42, 'Moyen-Chari', 1),
(668, 42, 'Ouaddai', 1),
(669, 42, 'Salamat', 1),
(670, 42, 'Tandjile', 1),
(671, 43, 'Aisen del General Carlos Ibanez', 1),
(672, 43, 'Antofagasta', 1),
(673, 43, 'Araucania', 1),
(674, 43, 'Atacama', 1),
(675, 43, 'Bio-Bio', 1),
(676, 43, 'Coquimbo', 1),
(677, 43, 'Libertador General Bernardo O''Higgins', 1),
(678, 43, 'Los Lagos', 1),
(679, 43, 'Magallanes y de la Antartica Chilena', 1),
(680, 43, 'Maule', 1),
(681, 43, 'Region Metropolitana', 1),
(682, 43, 'Tarapaca', 1),
(683, 43, 'Valparaiso', 1),
(684, 44, 'Anhui', 1),
(685, 44, 'Beijing', 1),
(686, 44, 'Chongqing', 1),
(687, 44, 'Fujian', 1),
(688, 44, 'Gansu', 1),
(689, 44, 'Guangdong', 1),
(690, 44, 'Guangxi', 1),
(691, 44, 'Guizhou', 1),
(692, 44, 'Hainan', 1),
(693, 44, 'Hebei', 1),
(694, 44, 'Heilongjiang', 1),
(695, 44, 'Henan', 1),
(696, 44, 'Hong Kong', 1),
(697, 44, 'Hubei', 1),
(698, 44, 'Hunan', 1),
(699, 44, 'Inner Mongolia', 1),
(700, 44, 'Jiangsu', 1),
(701, 44, 'Jiangxi', 1),
(702, 44, 'Jilin', 1),
(703, 44, 'Liaoning', 1),
(704, 44, 'Macau', 1),
(705, 44, 'Ningxia', 1),
(706, 44, 'Shaanxi', 1),
(707, 44, 'Shandong', 1),
(708, 44, 'Shanghai', 1),
(709, 44, 'Shanxi', 1),
(710, 44, 'Sichuan', 1),
(711, 44, 'Tianjin', 1),
(712, 44, 'Xinjiang', 1),
(713, 44, 'Yunnan', 1),
(714, 44, 'Zhejiang', 1),
(715, 46, 'Direction Island', 1),
(716, 46, 'Home Island', 1),
(717, 46, 'Horsburgh Island', 1),
(718, 46, 'South Island', 1),
(719, 46, 'West Island', 1),
(720, 47, 'Amazonas', 1),
(721, 47, 'Antioquia', 1),
(722, 47, 'Arauca', 1),
(723, 47, 'Atlantico', 1),
(724, 47, 'Bogota D.C.', 1),
(725, 47, 'Bolivar', 1),
(726, 47, 'Boyaca', 1),
(727, 47, 'Caldas', 1),
(728, 47, 'Caqueta', 1),
(729, 47, 'Casanare', 1),
(730, 47, 'Cauca', 1),
(731, 47, 'Cesar', 1),
(732, 47, 'Choco', 1),
(733, 47, 'Cordoba', 1),
(734, 47, 'Cundinamarca', 1),
(735, 47, 'Guainia', 1),
(736, 47, 'Guajira', 1),
(737, 47, 'Guaviare', 1),
(738, 47, 'Huila', 1),
(739, 47, 'Magdalena', 1),
(740, 47, 'Meta', 1),
(741, 47, 'Narino', 1),
(742, 47, 'Norte de Santander', 1),
(743, 47, 'Putumayo', 1),
(744, 47, 'Quindio', 1),
(745, 47, 'Risaralda', 1),
(746, 47, 'San Andres y Providencia', 1),
(747, 47, 'Santander', 1),
(748, 47, 'Sucre', 1),
(749, 47, 'Tolima', 1),
(750, 47, 'Valle del Cauca', 1),
(751, 47, 'Vaupes', 1),
(752, 47, 'Vichada', 1),
(753, 48, 'Grande Comore', 1),
(754, 48, 'Anjouan', 1),
(755, 48, 'Moheli', 1),
(756, 49, 'Bouenza', 1),
(757, 49, 'Brazzaville', 1),
(758, 49, 'Cuvette', 1),
(759, 49, 'Cuvette-Ouest', 1),
(760, 49, 'Kouilou', 1),
(761, 49, 'Lekoumou', 1),
(762, 49, 'Likouala', 1),
(763, 49, 'Niari', 1),
(764, 49, 'Plateaux', 1),
(765, 49, 'Pool', 1),
(766, 49, 'Sangha', 1),
(767, 50, 'Pukapuka', 1),
(768, 50, 'Rakahanga', 1),
(769, 50, 'Manihiki', 1),
(770, 50, 'Penrhyn', 1),
(771, 50, 'Nassau Island', 1),
(772, 50, 'Surwarrow', 1),
(773, 50, 'Palmerston', 1),
(774, 50, 'Aitutaki', 1),
(775, 50, 'Manuae', 1),
(776, 50, 'Takutea', 1),
(777, 50, 'Mitiaro', 1),
(778, 50, 'Atiu', 1),
(779, 50, 'Mauke', 1),
(780, 50, 'Rarotonga', 1),
(781, 50, 'Mangaia', 1),
(782, 51, 'Alajuela', 1),
(783, 51, 'Cartago', 1),
(784, 51, 'Guanacaste', 1),
(785, 51, 'Heredia', 1),
(786, 51, 'Limon', 1),
(787, 51, 'Puntarenas', 1),
(788, 51, 'San Jose', 1),
(789, 52, 'Abengourou', 1),
(790, 52, 'Abidjan', 1),
(791, 52, 'Aboisso', 1),
(792, 52, 'Adiake', 1),
(793, 52, 'Adzope', 1),
(794, 52, 'Agboville', 1),
(795, 52, 'Agnibilekrou', 1),
(796, 52, 'Alepe', 1),
(797, 52, 'Bocanda', 1),
(798, 52, 'Bangolo', 1),
(799, 52, 'Beoumi', 1),
(800, 52, 'Biankouma', 1),
(801, 52, 'Bondoukou', 1),
(802, 52, 'Bongouanou', 1),
(803, 52, 'Bouafle', 1),
(804, 52, 'Bouake', 1),
(805, 52, 'Bouna', 1),
(806, 52, 'Boundiali', 1),
(807, 52, 'Dabakala', 1),
(808, 52, 'Dabou', 1),
(809, 52, 'Daloa', 1),
(810, 52, 'Danane', 1),
(811, 52, 'Daoukro', 1),
(812, 52, 'Dimbokro', 1),
(813, 52, 'Divo', 1),
(814, 52, 'Duekoue', 1),
(815, 52, 'Ferkessedougou', 1),
(816, 52, 'Gagnoa', 1),
(817, 52, 'Grand-Bassam', 1),
(818, 52, 'Grand-Lahou', 1),
(819, 52, 'Guiglo', 1),
(820, 52, 'Issia', 1),
(821, 52, 'Jacqueville', 1),
(822, 52, 'Katiola', 1),
(823, 52, 'Korhogo', 1),
(824, 52, 'Lakota', 1),
(825, 52, 'Man', 1),
(826, 52, 'Mankono', 1),
(827, 52, 'Mbahiakro', 1),
(828, 52, 'Odienne', 1),
(829, 52, 'Oume', 1),
(830, 52, 'Sakassou', 1),
(831, 52, 'San-Pedro', 1),
(832, 52, 'Sassandra', 1),
(833, 52, 'Seguela', 1),
(834, 52, 'Sinfra', 1),
(835, 52, 'Soubre', 1),
(836, 52, 'Tabou', 1),
(837, 52, 'Tanda', 1),
(838, 52, 'Tiebissou', 1),
(839, 52, 'Tingrela', 1),
(840, 52, 'Tiassale', 1),
(841, 52, 'Touba', 1),
(842, 52, 'Toulepleu', 1),
(843, 52, 'Toumodi', 1),
(844, 52, 'Vavoua', 1),
(845, 52, 'Yamoussoukro', 1),
(846, 52, 'Zuenoula', 1),
(847, 53, 'Bjelovarsko-bilogorska', 1),
(848, 53, 'Grad Zagreb', 1),
(849, 53, 'Dubrova?ko-neretvanska', 1),
(850, 53, 'Istarska', 1),
(851, 53, 'Karlova?ka', 1),
(852, 53, 'Koprivni?ko-križeva?ka', 1),
(853, 53, 'Krapinsko-zagorska', 1),
(854, 53, 'Li?ko-senjska', 1),
(855, 53, 'Me?imurska', 1),
(856, 53, 'Osje?ko-baranjska', 1),
(857, 53, 'Požeško-slavonska', 1),
(858, 53, 'Primorsko-goranska', 1),
(859, 53, 'Šibensko-kninska', 1),
(860, 53, 'Sisa?ko-moslava?ka', 1),
(861, 53, 'Brodsko-posavska', 1),
(862, 53, 'Splitsko-dalmatinska', 1),
(863, 53, 'Varaždinska', 1),
(864, 53, 'Viroviti?ko-podravska', 1),
(865, 53, 'Vukovarsko-srijemska', 1),
(866, 53, 'Zadarska', 1),
(867, 53, 'Zagreba?ka', 1),
(868, 54, 'Camaguey', 1),
(869, 54, 'Ciego de Avila', 1),
(870, 54, 'Cienfuegos', 1),
(871, 54, 'Ciudad de La Habana', 1),
(872, 54, 'Granma', 1),
(873, 54, 'Guantanamo', 1),
(874, 54, 'Holguin', 1),
(875, 54, 'Isla de la Juventud', 1),
(876, 54, 'La Habana', 1),
(877, 54, 'Las Tunas', 1),
(878, 54, 'Matanzas', 1),
(879, 54, 'Pinar del Rio', 1),
(880, 54, 'Sancti Spiritus', 1),
(881, 54, 'Santiago de Cuba', 1),
(882, 54, 'Villa Clara', 1),
(883, 55, 'Famagusta', 1),
(884, 55, 'Kyrenia', 1),
(885, 55, 'Larnaca', 1),
(886, 55, 'Limassol', 1),
(887, 55, 'Nicosia', 1),
(888, 55, 'Paphos', 1),
(889, 56, 'Ústecký', 1),
(890, 56, 'Jiho?eský', 1),
(891, 56, 'Jihomoravský', 1),
(892, 56, 'Karlovarský', 1),
(893, 56, 'Královehradecký', 1),
(894, 56, 'Liberecký', 1),
(895, 56, 'Moravskoslezský', 1),
(896, 56, 'Olomoucký', 1),
(897, 56, 'Pardubický', 1),
(898, 56, 'Plze?ský', 1),
(899, 56, 'Praha', 1),
(900, 56, 'St?edo?eský', 1),
(901, 56, 'Vyso?ina', 1),
(902, 56, 'Zlínský', 1),
(903, 57, 'Arhus', 1),
(904, 57, 'Bornholm', 1),
(905, 57, 'Copenhagen', 1),
(906, 57, 'Faroe Islands', 1),
(907, 57, 'Frederiksborg', 1),
(908, 57, 'Fyn', 1),
(909, 57, 'Kobenhavn', 1),
(910, 57, 'Nordjylland', 1),
(911, 57, 'Ribe', 1),
(912, 57, 'Ringkobing', 1),
(913, 57, 'Roskilde', 1),
(914, 57, 'Sonderjylland', 1),
(915, 57, 'Storstrom', 1),
(916, 57, 'Vejle', 1),
(917, 57, 'Vestj&aelig;lland', 1),
(918, 57, 'Viborg', 1),
(919, 58, '''Ali Sabih', 1),
(920, 58, 'Dikhil', 1),
(921, 58, 'Djibouti', 1),
(922, 58, 'Obock', 1),
(923, 58, 'Tadjoura', 1),
(924, 59, 'Saint Andrew Parish', 1),
(925, 59, 'Saint David Parish', 1),
(926, 59, 'Saint George Parish', 1),
(927, 59, 'Saint John Parish', 1),
(928, 59, 'Saint Joseph Parish', 1),
(929, 59, 'Saint Luke Parish', 1),
(930, 59, 'Saint Mark Parish', 1),
(931, 59, 'Saint Patrick Parish', 1),
(932, 59, 'Saint Paul Parish', 1),
(933, 59, 'Saint Peter Parish', 1),
(934, 60, 'Distrito Nacional', 1),
(935, 60, 'Azua', 1),
(936, 60, 'Baoruco', 1),
(937, 60, 'Barahona', 1),
(938, 60, 'Dajabon', 1),
(939, 60, 'Duarte', 1),
(940, 60, 'Elias Pina', 1),
(941, 60, 'El Seybo', 1),
(942, 60, 'Espaillat', 1),
(943, 60, 'Hato Mayor', 1),
(944, 60, 'Independencia', 1),
(945, 60, 'La Altagracia', 1),
(946, 60, 'La Romana', 1),
(947, 60, 'La Vega', 1),
(948, 60, 'Maria Trinidad Sanchez', 1),
(949, 60, 'Monsenor Nouel', 1),
(950, 60, 'Monte Cristi', 1),
(951, 60, 'Monte Plata', 1),
(952, 60, 'Pedernales', 1),
(953, 60, 'Peravia (Bani)', 1),
(954, 60, 'Puerto Plata', 1),
(955, 60, 'Salcedo', 1),
(956, 60, 'Samana', 1),
(957, 60, 'Sanchez Ramirez', 1),
(958, 60, 'San Cristobal', 1),
(959, 60, 'San Jose de Ocoa', 1),
(960, 60, 'San Juan', 1),
(961, 60, 'San Pedro de Macoris', 1),
(962, 60, 'Santiago', 1),
(963, 60, 'Santiago Rodriguez', 1),
(964, 60, 'Santo Domingo', 1),
(965, 60, 'Valverde', 1),
(966, 61, 'Aileu', 1),
(967, 61, 'Ainaro', 1),
(968, 61, 'Baucau', 1),
(969, 61, 'Bobonaro', 1),
(970, 61, 'Cova Lima', 1),
(971, 61, 'Dili', 1),
(972, 61, 'Ermera', 1),
(973, 61, 'Lautem', 1),
(974, 61, 'Liquica', 1),
(975, 61, 'Manatuto', 1),
(976, 61, 'Manufahi', 1),
(977, 61, 'Oecussi', 1),
(978, 61, 'Viqueque', 1),
(979, 62, 'Azuay', 1),
(980, 62, 'Bolivar', 1),
(981, 62, 'Ca&ntilde;ar', 1),
(982, 62, 'Carchi', 1),
(983, 62, 'Chimborazo', 1),
(984, 62, 'Cotopaxi', 1),
(985, 62, 'El Oro', 1),
(986, 62, 'Esmeraldas', 1),
(987, 62, 'Gal&aacute;pagos', 1),
(988, 62, 'Guayas', 1),
(989, 62, 'Imbabura', 1),
(990, 62, 'Loja', 1),
(991, 62, 'Los Rios', 1),
(992, 62, 'Manab&iacute;', 1),
(993, 62, 'Morona Santiago', 1),
(994, 62, 'Napo', 1),
(995, 62, 'Orellana', 1),
(996, 62, 'Pastaza', 1),
(997, 62, 'Pichincha', 1),
(998, 62, 'Sucumb&iacute;os', 1),
(999, 62, 'Tungurahua', 1),
(1000, 62, 'Zamora Chinchipe', 1),
(1001, 63, 'Ad Daqahliyah', 1),
(1002, 63, 'Al Bahr al Ahmar', 1),
(1003, 63, 'Al Buhayrah', 1),
(1004, 63, 'Al Fayyum', 1),
(1005, 63, 'Al Gharbiyah', 1),
(1006, 63, 'Al Iskandariyah', 1),
(1007, 63, 'Al Isma''iliyah', 1),
(1008, 63, 'Al Jizah', 1),
(1009, 63, 'Al Minufiyah', 1),
(1010, 63, 'Al Minya', 1),
(1011, 63, 'Al Qahirah', 1),
(1012, 63, 'Al Qalyubiyah', 1),
(1013, 63, 'Al Wadi al Jadid', 1),
(1014, 63, 'Ash Sharqiyah', 1),
(1015, 63, 'As Suways', 1),
(1016, 63, 'Aswan', 1),
(1017, 63, 'Asyut', 1),
(1018, 63, 'Bani Suwayf', 1),
(1019, 63, 'Bur Sa''id', 1),
(1020, 63, 'Dumyat', 1),
(1021, 63, 'Janub Sina''', 1),
(1022, 63, 'Kafr ash Shaykh', 1),
(1023, 63, 'Matruh', 1),
(1024, 63, 'Qina', 1),
(1025, 63, 'Shamal Sina''', 1),
(1026, 63, 'Suhaj', 1),
(1027, 64, 'Ahuachapan', 1),
(1028, 64, 'Cabanas', 1),
(1029, 64, 'Chalatenango', 1),
(1030, 64, 'Cuscatlan', 1),
(1031, 64, 'La Libertad', 1),
(1032, 64, 'La Paz', 1),
(1033, 64, 'La Union', 1),
(1034, 64, 'Morazan', 1),
(1035, 64, 'San Miguel', 1),
(1036, 64, 'San Salvador', 1),
(1037, 64, 'San Vicente', 1),
(1038, 64, 'Santa Ana', 1),
(1039, 64, 'Sonsonate', 1),
(1040, 64, 'Usulutan', 1),
(1041, 65, 'Provincia Annobon', 1),
(1042, 65, 'Provincia Bioko Norte', 1),
(1043, 65, 'Provincia Bioko Sur', 1),
(1044, 65, 'Provincia Centro Sur', 1),
(1045, 65, 'Provincia Kie-Ntem', 1),
(1046, 65, 'Provincia Litoral', 1),
(1047, 65, 'Provincia Wele-Nzas', 1),
(1048, 66, 'Central (Maekel)', 1),
(1049, 66, 'Anseba (Keren)', 1),
(1050, 66, 'Southern Red Sea (Debub-Keih-Bahri)', 1),
(1051, 66, 'Northern Red Sea (Semien-Keih-Bahri)', 1),
(1052, 66, 'Southern (Debub)', 1),
(1053, 66, 'Gash-Barka (Barentu)', 1),
(1054, 67, 'Harjumaa (Tallinn)', 1),
(1055, 67, 'Hiiumaa (Kardla)', 1),
(1056, 67, 'Ida-Virumaa (Johvi)', 1),
(1057, 67, 'Jarvamaa (Paide)', 1),
(1058, 67, 'Jogevamaa (Jogeva)', 1),
(1059, 67, 'Laane-Virumaa (Rakvere)', 1),
(1060, 67, 'Laanemaa (Haapsalu)', 1),
(1061, 67, 'Parnumaa (Parnu)', 1),
(1062, 67, 'Polvamaa (Polva)', 1),
(1063, 67, 'Raplamaa (Rapla)', 1),
(1064, 67, 'Saaremaa (Kuessaare)', 1),
(1065, 67, 'Tartumaa (Tartu)', 1),
(1066, 67, 'Valgamaa (Valga)', 1),
(1067, 67, 'Viljandimaa (Viljandi)', 1),
(1068, 67, 'Vorumaa (Voru)', 1),
(1069, 68, 'Afar', 1),
(1070, 68, 'Amhara', 1),
(1071, 68, 'Benishangul-Gumaz', 1),
(1072, 68, 'Gambela', 1),
(1073, 68, 'Hariai', 1),
(1074, 68, 'Oromia', 1),
(1075, 68, 'Somali', 1),
(1076, 68, 'Southern Nations - Nationalities and Peoples Region', 1),
(1077, 68, 'Tigray', 1),
(1078, 68, 'Addis Ababa', 1),
(1079, 68, 'Dire Dawa', 1),
(1080, 71, 'Central Division', 1),
(1081, 71, 'Northern Division', 1),
(1082, 71, 'Eastern Division', 1),
(1083, 71, 'Western Division', 1),
(1084, 71, 'Rotuma', 1),
(1085, 72, 'Ahvenanmaan lääni', 1),
(1086, 72, 'Etelä-Suomen lääni', 1),
(1087, 72, 'Itä-Suomen lääni', 1),
(1088, 72, 'Länsi-Suomen lääni', 1),
(1089, 72, 'Lapin lääni', 1),
(1090, 72, 'Oulun lääni', 1),
(1114, 74, 'Ain', 1),
(1115, 74, 'Aisne', 1),
(1116, 74, 'Allier', 1),
(1117, 74, 'Alpes de Haute Provence', 1),
(1118, 74, 'Hautes-Alpes', 1),
(1119, 74, 'Alpes Maritimes', 1),
(1120, 74, 'Ard&egrave;che', 1),
(1121, 74, 'Ardennes', 1),
(1122, 74, 'Ari&egrave;ge', 1),
(1123, 74, 'Aube', 1),
(1124, 74, 'Aude', 1),
(1125, 74, 'Aveyron', 1),
(1126, 74, 'Bouches du Rh&ocirc;ne', 1),
(1127, 74, 'Calvados', 1),
(1128, 74, 'Cantal', 1),
(1129, 74, 'Charente', 1),
(1130, 74, 'Charente Maritime', 1),
(1131, 74, 'Cher', 1),
(1132, 74, 'Corr&egrave;ze', 1),
(1133, 74, 'Corse du Sud', 1),
(1134, 74, 'Haute Corse', 1),
(1135, 74, 'C&ocirc;te d&#039;or', 1),
(1136, 74, 'C&ocirc;tes d&#039;Armor', 1),
(1137, 74, 'Creuse', 1),
(1138, 74, 'Dordogne', 1),
(1139, 74, 'Doubs', 1),
(1140, 74, 'Dr&ocirc;me', 1),
(1141, 74, 'Eure', 1),
(1142, 74, 'Eure et Loir', 1),
(1143, 74, 'Finist&egrave;re', 1),
(1144, 74, 'Gard', 1),
(1145, 74, 'Haute Garonne', 1),
(1146, 74, 'Gers', 1),
(1147, 74, 'Gironde', 1),
(1148, 74, 'H&eacute;rault', 1),
(1149, 74, 'Ille et Vilaine', 1),
(1150, 74, 'Indre', 1),
(1151, 74, 'Indre et Loire', 1),
(1152, 74, 'Is&eacute;re', 1),
(1153, 74, 'Jura', 1),
(1154, 74, 'Landes', 1),
(1155, 74, 'Loir et Cher', 1),
(1156, 74, 'Loire', 1),
(1157, 74, 'Haute Loire', 1),
(1158, 74, 'Loire Atlantique', 1),
(1159, 74, 'Loiret', 1),
(1160, 74, 'Lot', 1),
(1161, 74, 'Lot et Garonne', 1),
(1162, 74, 'Loz&egrave;re', 1),
(1163, 74, 'Maine et Loire', 1),
(1164, 74, 'Manche', 1),
(1165, 74, 'Marne', 1),
(1166, 74, 'Haute Marne', 1),
(1167, 74, 'Mayenne', 1),
(1168, 74, 'Meurthe et Moselle', 1),
(1169, 74, 'Meuse', 1),
(1170, 74, 'Morbihan', 1),
(1171, 74, 'Moselle', 1),
(1172, 74, 'Ni&egrave;vre', 1),
(1173, 74, 'Nord', 1),
(1174, 74, 'Oise', 1),
(1175, 74, 'Orne', 1),
(1176, 74, 'Pas de Calais', 1),
(1177, 74, 'Puy de D&ocirc;me', 1),
(1178, 74, 'Pyr&eacute;n&eacute;es Atlantiques', 1),
(1179, 74, 'Hautes Pyr&eacute;n&eacute;es', 1),
(1180, 74, 'Pyr&eacute;n&eacute;es Orientales', 1),
(1181, 74, 'Bas Rhin', 1),
(1182, 74, 'Haut Rhin', 1),
(1183, 74, 'Rh&ocirc;ne', 1),
(1184, 74, 'Haute Sa&ocirc;ne', 1),
(1185, 74, 'Sa&ocirc;ne et Loire', 1),
(1186, 74, 'Sarthe', 1),
(1187, 74, 'Savoie', 1),
(1188, 74, 'Haute Savoie', 1),
(1189, 74, 'Paris', 1),
(1190, 74, 'Seine Maritime', 1),
(1191, 74, 'Seine et Marne', 1),
(1192, 74, 'Yvelines', 1),
(1193, 74, 'Deux S&egrave;vres', 1),
(1194, 74, 'Somme', 1),
(1195, 74, 'Tarn', 1),
(1196, 74, 'Tarn et Garonne', 1),
(1197, 74, 'Var', 1),
(1198, 74, 'Vaucluse', 1),
(1199, 74, 'Vend&eacute;e', 1),
(1200, 74, 'Vienne', 1),
(1201, 74, 'Haute Vienne', 1),
(1202, 74, 'Vosges', 1),
(1203, 74, 'Yonne', 1),
(1204, 74, 'Territoire de Belfort', 1),
(1205, 74, 'Essonne', 1),
(1206, 74, 'Hauts de Seine', 1),
(1207, 74, 'Seine St-Denis', 1),
(1208, 74, 'Val de Marne', 1),
(1209, 74, 'Val d''Oise', 1),
(1210, 76, 'Archipel des Marquises', 1),
(1211, 76, 'Archipel des Tuamotu', 1),
(1212, 76, 'Archipel des Tubuai', 1),
(1213, 76, 'Iles du Vent', 1),
(1214, 76, 'Iles Sous-le-Vent', 1),
(1215, 77, 'Iles Crozet', 1),
(1216, 77, 'Iles Kerguelen', 1),
(1217, 77, 'Ile Amsterdam', 1),
(1218, 77, 'Ile Saint-Paul', 1),
(1219, 77, 'Adelie Land', 1),
(1220, 78, 'Estuaire', 1),
(1221, 78, 'Haut-Ogooue', 1),
(1222, 78, 'Moyen-Ogooue', 1),
(1223, 78, 'Ngounie', 1),
(1224, 78, 'Nyanga', 1),
(1225, 78, 'Ogooue-Ivindo', 1),
(1226, 78, 'Ogooue-Lolo', 1),
(1227, 78, 'Ogooue-Maritime', 1),
(1228, 78, 'Woleu-Ntem', 1),
(1229, 79, 'Banjul', 1),
(1230, 79, 'Basse', 1),
(1231, 79, 'Brikama', 1),
(1232, 79, 'Janjangbure', 1),
(1233, 79, 'Kanifeng', 1),
(1234, 79, 'Kerewan', 1),
(1235, 79, 'Kuntaur', 1),
(1236, 79, 'Mansakonko', 1),
(1237, 79, 'Lower River', 1),
(1238, 79, 'Central River', 1),
(1239, 79, 'North Bank', 1),
(1240, 79, 'Upper River', 1),
(1241, 79, 'Western', 1),
(1242, 80, 'Abkhazia', 1),
(1243, 80, 'Ajaria', 1),
(1244, 80, 'Tbilisi', 1),
(1245, 80, 'Guria', 1),
(1246, 80, 'Imereti', 1),
(1247, 80, 'Kakheti', 1),
(1248, 80, 'Kvemo Kartli', 1),
(1249, 80, 'Mtskheta-Mtianeti', 1),
(1250, 80, 'Racha Lechkhumi and Kvemo Svanet', 1),
(1251, 80, 'Samegrelo-Zemo Svaneti', 1),
(1252, 80, 'Samtskhe-Javakheti', 1),
(1253, 80, 'Shida Kartli', 1),
(1254, 81, 'Baden-W&uuml;rttemberg', 1),
(1255, 81, 'Bayern', 1),
(1256, 81, 'Berlin', 1),
(1257, 81, 'Brandenburg', 1),
(1258, 81, 'Bremen', 1),
(1259, 81, 'Hamburg', 1),
(1260, 81, 'Hessen', 1),
(1261, 81, 'Mecklenburg-Vorpommern', 1),
(1262, 81, 'Niedersachsen', 1),
(1263, 81, 'Nordrhein-Westfalen', 1),
(1264, 81, 'Rheinland-Pfalz', 1),
(1265, 81, 'Saarland', 1),
(1266, 81, 'Sachsen', 1),
(1267, 81, 'Sachsen-Anhalt', 1),
(1268, 81, 'Schleswig-Holstein', 1),
(1269, 81, 'Th&uuml;ringen', 1),
(1270, 82, 'Ashanti Region', 1),
(1271, 82, 'Brong-Ahafo Region', 1),
(1272, 82, 'Central Region', 1),
(1273, 82, 'Eastern Region', 1),
(1274, 82, 'Greater Accra Region', 1),
(1275, 82, 'Northern Region', 1),
(1276, 82, 'Upper East Region', 1),
(1277, 82, 'Upper West Region', 1),
(1278, 82, 'Volta Region', 1),
(1279, 82, 'Western Region', 1),
(1280, 84, 'Attica', 1),
(1281, 84, 'Central Greece', 1),
(1282, 84, 'Central Macedonia', 1),
(1283, 84, 'Crete', 1),
(1284, 84, 'East Macedonia and Thrace', 1),
(1285, 84, 'Epirus', 1),
(1286, 84, 'Ionian Islands', 1),
(1287, 84, 'North Aegean', 1),
(1288, 84, 'Peloponnesos', 1),
(1289, 84, 'South Aegean', 1),
(1290, 84, 'Thessaly', 1),
(1291, 84, 'West Greece', 1),
(1292, 84, 'West Macedonia', 1),
(1293, 85, 'Avannaa', 1),
(1294, 85, 'Tunu', 1),
(1295, 85, 'Kitaa', 1),
(1296, 86, 'Saint Andrew', 1),
(1297, 86, 'Saint David', 1),
(1298, 86, 'Saint George', 1),
(1299, 86, 'Saint John', 1),
(1300, 86, 'Saint Mark', 1),
(1301, 86, 'Saint Patrick', 1),
(1302, 86, 'Carriacou', 1),
(1303, 86, 'Petit Martinique', 1),
(1304, 89, 'Alta Verapaz', 1),
(1305, 89, 'Baja Verapaz', 1),
(1306, 89, 'Chimaltenango', 1),
(1307, 89, 'Chiquimula', 1),
(1308, 89, 'El Peten', 1),
(1309, 89, 'El Progreso', 1),
(1310, 89, 'El Quiche', 1),
(1311, 89, 'Escuintla', 1),
(1312, 89, 'Guatemala', 1),
(1313, 89, 'Huehuetenango', 1),
(1314, 89, 'Izabal', 1),
(1315, 89, 'Jalapa', 1),
(1316, 89, 'Jutiapa', 1),
(1317, 89, 'Quetzaltenango', 1),
(1318, 89, 'Retalhuleu', 1),
(1319, 89, 'Sacatepequez', 1),
(1320, 89, 'San Marcos', 1),
(1321, 89, 'Santa Rosa', 1),
(1322, 89, 'Solola', 1),
(1323, 89, 'Suchitepequez', 1),
(1324, 89, 'Totonicapan', 1),
(1325, 89, 'Zacapa', 1),
(1326, 90, 'Conakry', 1),
(1327, 90, 'Beyla', 1),
(1328, 90, 'Boffa', 1),
(1329, 90, 'Boke', 1),
(1330, 90, 'Coyah', 1),
(1331, 90, 'Dabola', 1),
(1332, 90, 'Dalaba', 1),
(1333, 90, 'Dinguiraye', 1),
(1334, 90, 'Dubreka', 1),
(1335, 90, 'Faranah', 1),
(1336, 90, 'Forecariah', 1),
(1337, 90, 'Fria', 1),
(1338, 90, 'Gaoual', 1),
(1339, 90, 'Gueckedou', 1),
(1340, 90, 'Kankan', 1),
(1341, 90, 'Kerouane', 1),
(1342, 90, 'Kindia', 1),
(1343, 90, 'Kissidougou', 1),
(1344, 90, 'Koubia', 1),
(1345, 90, 'Koundara', 1),
(1346, 90, 'Kouroussa', 1),
(1347, 90, 'Labe', 1),
(1348, 90, 'Lelouma', 1),
(1349, 90, 'Lola', 1),
(1350, 90, 'Macenta', 1),
(1351, 90, 'Mali', 1),
(1352, 90, 'Mamou', 1),
(1353, 90, 'Mandiana', 1),
(1354, 90, 'Nzerekore', 1),
(1355, 90, 'Pita', 1),
(1356, 90, 'Siguiri', 1),
(1357, 90, 'Telimele', 1),
(1358, 90, 'Tougue', 1),
(1359, 90, 'Yomou', 1),
(1360, 91, 'Bafata Region', 1),
(1361, 91, 'Biombo Region', 1),
(1362, 91, 'Bissau Region', 1),
(1363, 91, 'Bolama Region', 1),
(1364, 91, 'Cacheu Region', 1),
(1365, 91, 'Gabu Region', 1),
(1366, 91, 'Oio Region', 1),
(1367, 91, 'Quinara Region', 1),
(1368, 91, 'Tombali Region', 1),
(1369, 92, 'Barima-Waini', 1),
(1370, 92, 'Cuyuni-Mazaruni', 1),
(1371, 92, 'Demerara-Mahaica', 1),
(1372, 92, 'East Berbice-Corentyne', 1),
(1373, 92, 'Essequibo Islands-West Demerara', 1),
(1374, 92, 'Mahaica-Berbice', 1),
(1375, 92, 'Pomeroon-Supenaam', 1),
(1376, 92, 'Potaro-Siparuni', 1),
(1377, 92, 'Upper Demerara-Berbice', 1),
(1378, 92, 'Upper Takutu-Upper Essequibo', 1),
(1379, 93, 'Artibonite', 1),
(1380, 93, 'Centre', 1),
(1381, 93, 'Grand''Anse', 1),
(1382, 93, 'Nord', 1),
(1383, 93, 'Nord-Est', 1),
(1384, 93, 'Nord-Ouest', 1),
(1385, 93, 'Ouest', 1),
(1386, 93, 'Sud', 1),
(1387, 93, 'Sud-Est', 1),
(1388, 94, 'Flat Island', 1),
(1389, 94, 'McDonald Island', 1),
(1390, 94, 'Shag Island', 1),
(1391, 94, 'Heard Island', 1),
(1392, 95, 'Atlantida', 1),
(1393, 95, 'Choluteca', 1),
(1394, 95, 'Colon', 1),
(1395, 95, 'Comayagua', 1),
(1396, 95, 'Copan', 1),
(1397, 95, 'Cortes', 1),
(1398, 95, 'El Paraiso', 1),
(1399, 95, 'Francisco Morazan', 1),
(1400, 95, 'Gracias a Dios', 1),
(1401, 95, 'Intibuca', 1),
(1402, 95, 'Islas de la Bahia (Bay Islands)', 1),
(1403, 95, 'La Paz', 1),
(1404, 95, 'Lempira', 1),
(1405, 95, 'Ocotepeque', 1),
(1406, 95, 'Olancho', 1),
(1407, 95, 'Santa Barbara', 1),
(1408, 95, 'Valle', 1),
(1409, 95, 'Yoro', 1),
(1410, 96, 'Central and Western Hong Kong Island', 1),
(1411, 96, 'Eastern Hong Kong Island', 1),
(1412, 96, 'Southern Hong Kong Island', 1),
(1413, 96, 'Wan Chai Hong Kong Island', 1),
(1414, 96, 'Kowloon City Kowloon', 1),
(1415, 96, 'Kwun Tong Kowloon', 1),
(1416, 96, 'Sham Shui Po Kowloon', 1),
(1417, 96, 'Wong Tai Sin Kowloon', 1),
(1418, 96, 'Yau Tsim Mong Kowloon', 1),
(1419, 96, 'Islands New Territories', 1),
(1420, 96, 'Kwai Tsing New Territories', 1),
(1421, 96, 'North New Territories', 1),
(1422, 96, 'Sai Kung New Territories', 1),
(1423, 96, 'Sha Tin New Territories', 1),
(1424, 96, 'Tai Po New Territories', 1),
(1425, 96, 'Tsuen Wan New Territories', 1),
(1426, 96, 'Tuen Mun New Territories', 1),
(1427, 96, 'Yuen Long New Territories', 1),
(1467, 98, 'Austurland', 1),
(1468, 98, 'Hofuoborgarsvaeoi', 1),
(1469, 98, 'Norourland eystra', 1),
(1470, 98, 'Norourland vestra', 1),
(1471, 98, 'Suourland', 1),
(1472, 98, 'Suournes', 1),
(1473, 98, 'Vestfiroir', 1),
(1474, 98, 'Vesturland', 1),
(1475, 99, 'Andaman and Nicobar Islands', 1),
(1476, 99, 'Andhra Pradesh', 1),
(1477, 99, 'Arunachal Pradesh', 1),
(1478, 99, 'Assam', 1),
(1479, 99, 'Bihar', 1),
(1480, 99, 'Chandigarh', 1),
(1481, 99, 'Dadra and Nagar Haveli', 1),
(1482, 99, 'Daman and Diu', 1),
(1483, 99, 'Delhi', 1),
(1484, 99, 'Goa', 1),
(1485, 99, 'Gujarat', 1),
(1486, 99, 'Haryana', 1),
(1487, 99, 'Himachal Pradesh', 1),
(1488, 99, 'Jammu and Kashmir', 1),
(1489, 99, 'Karnataka', 1),
(1490, 99, 'Kerala', 1),
(1491, 99, 'Lakshadweep Islands', 1),
(1492, 99, 'Madhya Pradesh', 1),
(1493, 99, 'Maharashtra', 1),
(1494, 99, 'Manipur', 1),
(1495, 99, 'Meghalaya', 1),
(1496, 99, 'Mizoram', 1),
(1497, 99, 'Nagaland', 1),
(1498, 99, 'Orissa', 1),
(1499, 99, 'Pondicherry', 1),
(1500, 99, 'Punjab', 1),
(1501, 99, 'Rajasthan', 1),
(1502, 99, 'Sikkim', 1),
(1503, 99, 'Tamil Nadu', 1),
(1504, 99, 'Tripura', 1),
(1505, 99, 'Uttar Pradesh', 1),
(1506, 99, 'West Bengal', 1),
(1507, 100, 'Nanggroe Aceh Darussalam (NAD)', 1),
(1508, 100, 'Bali', 1),
(1509, 100, 'Banten', 1),
(1510, 100, 'Bengkulu', 1),
(1511, 100, 'BoDeTaBek', 1),
(1512, 100, 'Gorontalo', 1),
(1513, 100, 'DKI Jakarta', 1),
(1514, 100, 'Jambi', 1),
(1515, 100, 'Jawa Barat', 1),
(1516, 100, 'Jawa Tengah', 1),
(1517, 100, 'Jawa Timur', 1),
(1518, 100, 'Kalimantan Barat', 1),
(1519, 100, 'Kalimantan Selatan', 1),
(1520, 100, 'Kalimantan Tengah', 1),
(1521, 100, 'Kalimantan Timur', 1),
(1522, 100, 'Bangka Belitung', 1),
(1523, 100, 'Lampung', 1),
(1524, 100, 'Maluku', 1),
(1525, 100, 'Maluku Utara', 1),
(1526, 100, 'Nusa Tenggara Barat (NTB)', 1),
(1527, 100, 'Nusa Tenggara Timur (NTT)', 1),
(1528, 100, 'Papua', 1),
(1529, 100, 'Riau', 1),
(1530, 100, 'Sulawesi Selatan', 1),
(1531, 100, 'Sulawesi Tengah', 1),
(1532, 100, 'Sulawesi Tenggara', 1),
(1533, 100, 'Sulawesi Utara', 1),
(1534, 100, 'Sumatera Barat', 1),
(1535, 100, 'Sumatera Selatan', 1),
(1536, 100, 'Sumatera Utara', 1),
(1537, 100, 'DI Yogyakarta', 1),
(1538, 101, 'Tehran', 1),
(1539, 101, 'Qom', 1),
(1540, 101, 'Markazi', 1),
(1541, 101, 'Qazvin', 1),
(1542, 101, 'Gilan', 1),
(1543, 101, 'Ardabil', 1),
(1544, 101, 'Zanjan', 1),
(1545, 101, 'East Azarbaijan', 1),
(1546, 101, 'West Azarbaijan', 1),
(1547, 101, 'Kurdistan', 1),
(1548, 101, 'Hamadan', 1),
(1549, 101, 'Kermanshah', 1),
(1550, 101, 'Ilam', 1),
(1551, 101, 'Lorestan', 1),
(1552, 101, 'Khuzestan', 1),
(1553, 101, 'Chahar Mahaal and Bakhtiari', 1),
(1554, 101, 'Kohkiluyeh and Buyer Ahmad', 1),
(1555, 101, 'Bushehr', 1),
(1556, 101, 'Fars', 1),
(1557, 101, 'Hormozgan', 1),
(1558, 101, 'Sistan and Baluchistan', 1),
(1559, 101, 'Kerman', 1),
(1560, 101, 'Yazd', 1),
(1561, 101, 'Esfahan', 1),
(1562, 101, 'Semnan', 1),
(1563, 101, 'Mazandaran', 1),
(1564, 101, 'Golestan', 1),
(1565, 101, 'North Khorasan', 1),
(1566, 101, 'Razavi Khorasan', 1),
(1567, 101, 'South Khorasan', 1),
(1568, 102, 'Baghdad', 1),
(1569, 102, 'Salah ad Din', 1),
(1570, 102, 'Diyala', 1),
(1571, 102, 'Wasit', 1),
(1572, 102, 'Maysan', 1),
(1573, 102, 'Al Basrah', 1),
(1574, 102, 'Dhi Qar', 1),
(1575, 102, 'Al Muthanna', 1),
(1576, 102, 'Al Qadisyah', 1),
(1577, 102, 'Babil', 1),
(1578, 102, 'Al Karbala', 1),
(1579, 102, 'An Najaf', 1),
(1580, 102, 'Al Anbar', 1),
(1581, 102, 'Ninawa', 1),
(1582, 102, 'Dahuk', 1),
(1583, 102, 'Arbil', 1),
(1584, 102, 'At Ta''mim', 1),
(1585, 102, 'As Sulaymaniyah', 1),
(1586, 103, 'Carlow', 1),
(1587, 103, 'Cavan', 1),
(1588, 103, 'Clare', 1),
(1589, 103, 'Cork', 1),
(1590, 103, 'Donegal', 1),
(1591, 103, 'Dublin', 1),
(1592, 103, 'Galway', 1),
(1593, 103, 'Kerry', 1),
(1594, 103, 'Kildare', 1),
(1595, 103, 'Kilkenny', 1),
(1596, 103, 'Laois', 1),
(1597, 103, 'Leitrim', 1),
(1598, 103, 'Limerick', 1),
(1599, 103, 'Longford', 1),
(1600, 103, 'Louth', 1),
(1601, 103, 'Mayo', 1),
(1602, 103, 'Meath', 1),
(1603, 103, 'Monaghan', 1),
(1604, 103, 'Offaly', 1),
(1605, 103, 'Roscommon', 1),
(1606, 103, 'Sligo', 1),
(1607, 103, 'Tipperary', 1),
(1608, 103, 'Waterford', 1),
(1609, 103, 'Westmeath', 1),
(1610, 103, 'Wexford', 1),
(1611, 103, 'Wicklow', 1),
(1612, 104, 'Be''er Sheva', 1),
(1613, 104, 'Bika''at Hayarden', 1),
(1614, 104, 'Eilat and Arava', 1),
(1615, 104, 'Galil', 1),
(1616, 104, 'Haifa', 1),
(1617, 104, 'Jehuda Mountains', 1),
(1618, 104, 'Jerusalem', 1),
(1619, 104, 'Negev', 1),
(1620, 104, 'Semaria', 1),
(1621, 104, 'Sharon', 1),
(1622, 104, 'Tel Aviv (Gosh Dan)', 1),
(1643, 106, 'Clarendon Parish', 1),
(1644, 106, 'Hanover Parish', 1),
(1645, 106, 'Kingston Parish', 1),
(1646, 106, 'Manchester Parish', 1),
(1647, 106, 'Portland Parish', 1),
(1648, 106, 'Saint Andrew Parish', 1),
(1649, 106, 'Saint Ann Parish', 1),
(1650, 106, 'Saint Catherine Parish', 1),
(1651, 106, 'Saint Elizabeth Parish', 1),
(1652, 106, 'Saint James Parish', 1),
(1653, 106, 'Saint Mary Parish', 1),
(1654, 106, 'Saint Thomas Parish', 1),
(1655, 106, 'Trelawny Parish', 1),
(1656, 106, 'Westmoreland Parish', 1),
(1657, 107, 'Aichi', 1),
(1658, 107, 'Akita', 1),
(1659, 107, 'Aomori', 1),
(1660, 107, 'Chiba', 1),
(1661, 107, 'Ehime', 1),
(1662, 107, 'Fukui', 1),
(1663, 107, 'Fukuoka', 1),
(1664, 107, 'Fukushima', 1),
(1665, 107, 'Gifu', 1),
(1666, 107, 'Gumma', 1),
(1667, 107, 'Hiroshima', 1),
(1668, 107, 'Hokkaido', 1),
(1669, 107, 'Hyogo', 1),
(1670, 107, 'Ibaraki', 1),
(1671, 107, 'Ishikawa', 1),
(1672, 107, 'Iwate', 1),
(1673, 107, 'Kagawa', 1),
(1674, 107, 'Kagoshima', 1),
(1675, 107, 'Kanagawa', 1),
(1676, 107, 'Kochi', 1),
(1677, 107, 'Kumamoto', 1),
(1678, 107, 'Kyoto', 1),
(1679, 107, 'Mie', 1),
(1680, 107, 'Miyagi', 1),
(1681, 107, 'Miyazaki', 1),
(1682, 107, 'Nagano', 1),
(1683, 107, 'Nagasaki', 1),
(1684, 107, 'Nara', 1),
(1685, 107, 'Niigata', 1),
(1686, 107, 'Oita', 1),
(1687, 107, 'Okayama', 1),
(1688, 107, 'Okinawa', 1),
(1689, 107, 'Osaka', 1),
(1690, 107, 'Saga', 1),
(1691, 107, 'Saitama', 1),
(1692, 107, 'Shiga', 1),
(1693, 107, 'Shimane', 1),
(1694, 107, 'Shizuoka', 1),
(1695, 107, 'Tochigi', 1),
(1696, 107, 'Tokushima', 1),
(1697, 107, 'Tokyo', 1),
(1698, 107, 'Tottori', 1),
(1699, 107, 'Toyama', 1),
(1700, 107, 'Wakayama', 1),
(1701, 107, 'Yamagata', 1),
(1702, 107, 'Yamaguchi', 1),
(1703, 107, 'Yamanashi', 1),
(1704, 108, '''Amman', 1),
(1705, 108, 'Ajlun', 1),
(1706, 108, 'Al ''Aqabah', 1),
(1707, 108, 'Al Balqa''', 1),
(1708, 108, 'Al Karak', 1),
(1709, 108, 'Al Mafraq', 1),
(1710, 108, 'At Tafilah', 1),
(1711, 108, 'Az Zarqa''', 1),
(1712, 108, 'Irbid', 1),
(1713, 108, 'Jarash', 1),
(1714, 108, 'Ma''an', 1),
(1715, 108, 'Madaba', 1),
(1716, 109, 'Almaty', 1),
(1717, 109, 'Almaty City', 1),
(1718, 109, 'Aqmola', 1),
(1719, 109, 'Aqtobe', 1),
(1720, 109, 'Astana City', 1),
(1721, 109, 'Atyrau', 1),
(1722, 109, 'Batys Qazaqstan', 1),
(1723, 109, 'Bayqongyr City', 1),
(1724, 109, 'Mangghystau', 1),
(1725, 109, 'Ongtustik Qazaqstan', 1),
(1726, 109, 'Pavlodar', 1),
(1727, 109, 'Qaraghandy', 1),
(1728, 109, 'Qostanay', 1),
(1729, 109, 'Qyzylorda', 1),
(1730, 109, 'Shyghys Qazaqstan', 1),
(1731, 109, 'Soltustik Qazaqstan', 1),
(1732, 109, 'Zhambyl', 1),
(1733, 110, 'Central', 1),
(1734, 110, 'Coast', 1),
(1735, 110, 'Eastern', 1),
(1736, 110, 'Nairobi Area', 1),
(1737, 110, 'North Eastern', 1),
(1738, 110, 'Nyanza', 1),
(1739, 110, 'Rift Valley', 1),
(1740, 110, 'Western', 1),
(1741, 111, 'Abaiang', 1),
(1742, 111, 'Abemama', 1),
(1743, 111, 'Aranuka', 1),
(1744, 111, 'Arorae', 1),
(1745, 111, 'Banaba', 1),
(1746, 111, 'Beru', 1),
(1747, 111, 'Butaritari', 1),
(1748, 111, 'Kanton', 1),
(1749, 111, 'Kiritimati', 1),
(1750, 111, 'Kuria', 1),
(1751, 111, 'Maiana', 1),
(1752, 111, 'Makin', 1),
(1753, 111, 'Marakei', 1),
(1754, 111, 'Nikunau', 1),
(1755, 111, 'Nonouti', 1),
(1756, 111, 'Onotoa', 1),
(1757, 111, 'Tabiteuea', 1),
(1758, 111, 'Tabuaeran', 1),
(1759, 111, 'Tamana', 1),
(1760, 111, 'Tarawa', 1),
(1761, 111, 'Teraina', 1),
(1762, 112, 'Chagang-do', 1),
(1763, 112, 'Hamgyong-bukto', 1),
(1764, 112, 'Hamgyong-namdo', 1),
(1765, 112, 'Hwanghae-bukto', 1),
(1766, 112, 'Hwanghae-namdo', 1),
(1767, 112, 'Kangwon-do', 1),
(1768, 112, 'P''yongan-bukto', 1),
(1769, 112, 'P''yongan-namdo', 1),
(1770, 112, 'Ryanggang-do (Yanggang-do)', 1),
(1771, 112, 'Rason Directly Governed City', 1),
(1772, 112, 'P''yongyang Special City', 1),
(1773, 113, 'Ch''ungch''ong-bukto', 1),
(1774, 113, 'Ch''ungch''ong-namdo', 1),
(1775, 113, 'Cheju-do', 1),
(1776, 113, 'Cholla-bukto', 1),
(1777, 113, 'Cholla-namdo', 1),
(1778, 113, 'Inch''on-gwangyoksi', 1),
(1779, 113, 'Kangwon-do', 1),
(1780, 113, 'Kwangju-gwangyoksi', 1),
(1781, 113, 'Kyonggi-do', 1),
(1782, 113, 'Kyongsang-bukto', 1),
(1783, 113, 'Kyongsang-namdo', 1),
(1784, 113, 'Pusan-gwangyoksi', 1),
(1785, 113, 'Soul-t''ukpyolsi', 1),
(1786, 113, 'Taegu-gwangyoksi', 1),
(1787, 113, 'Taejon-gwangyoksi', 1),
(1788, 114, 'Al ''Asimah', 1),
(1789, 114, 'Al Ahmadi', 1),
(1790, 114, 'Al Farwaniyah', 1),
(1791, 114, 'Al Jahra''', 1),
(1792, 114, 'Hawalli', 1),
(1793, 115, 'Bishkek', 1),
(1794, 115, 'Batken', 1),
(1795, 115, 'Chu', 1),
(1796, 115, 'Jalal-Abad', 1),
(1797, 115, 'Naryn', 1),
(1798, 115, 'Osh', 1),
(1799, 115, 'Talas', 1),
(1800, 115, 'Ysyk-Kol', 1),
(1801, 116, 'Vientiane', 1),
(1802, 116, 'Attapu', 1),
(1803, 116, 'Bokeo', 1),
(1804, 116, 'Bolikhamxai', 1),
(1805, 116, 'Champasak', 1),
(1806, 116, 'Houaphan', 1),
(1807, 116, 'Khammouan', 1),
(1808, 116, 'Louang Namtha', 1),
(1809, 116, 'Louangphabang', 1),
(1810, 116, 'Oudomxai', 1),
(1811, 116, 'Phongsali', 1),
(1812, 116, 'Salavan', 1),
(1813, 116, 'Savannakhet', 1),
(1814, 116, 'Vientiane', 1),
(1815, 116, 'Xaignabouli', 1),
(1816, 116, 'Xekong', 1),
(1817, 116, 'Xiangkhoang', 1),
(1818, 116, 'Xaisomboun', 1),
(1852, 119, 'Berea', 1),
(1853, 119, 'Butha-Buthe', 1),
(1854, 119, 'Leribe', 1),
(1855, 119, 'Mafeteng', 1),
(1856, 119, 'Maseru', 1),
(1857, 119, 'Mohale''s Hoek', 1),
(1858, 119, 'Mokhotlong', 1),
(1859, 119, 'Qacha''s Nek', 1),
(1860, 119, 'Quthing', 1),
(1861, 119, 'Thaba-Tseka', 1),
(1862, 120, 'Bomi', 1),
(1863, 120, 'Bong', 1),
(1864, 120, 'Grand Bassa', 1),
(1865, 120, 'Grand Cape Mount', 1),
(1866, 120, 'Grand Gedeh', 1),
(1867, 120, 'Grand Kru', 1),
(1868, 120, 'Lofa', 1),
(1869, 120, 'Margibi', 1),
(1870, 120, 'Maryland', 1),
(1871, 120, 'Montserrado', 1),
(1872, 120, 'Nimba', 1),
(1873, 120, 'River Cess', 1),
(1874, 120, 'Sinoe', 1),
(1875, 121, 'Ajdabiya', 1),
(1876, 121, 'Al ''Aziziyah', 1),
(1877, 121, 'Al Fatih', 1),
(1878, 121, 'Al Jabal al Akhdar', 1),
(1879, 121, 'Al Jufrah', 1),
(1880, 121, 'Al Khums', 1),
(1881, 121, 'Al Kufrah', 1),
(1882, 121, 'An Nuqat al Khams', 1),
(1883, 121, 'Ash Shati''', 1),
(1884, 121, 'Awbari', 1),
(1885, 121, 'Az Zawiyah', 1),
(1886, 121, 'Banghazi', 1),
(1887, 121, 'Darnah', 1),
(1888, 121, 'Ghadamis', 1),
(1889, 121, 'Gharyan', 1),
(1890, 121, 'Misratah', 1),
(1891, 121, 'Murzuq', 1),
(1892, 121, 'Sabha', 1),
(1893, 121, 'Sawfajjin', 1),
(1894, 121, 'Surt', 1),
(1895, 121, 'Tarabulus (Tripoli)', 1),
(1896, 121, 'Tarhunah', 1),
(1897, 121, 'Tubruq', 1),
(1898, 121, 'Yafran', 1),
(1899, 121, 'Zlitan', 1),
(1900, 122, 'Vaduz', 1),
(1901, 122, 'Schaan', 1),
(1902, 122, 'Balzers', 1),
(1903, 122, 'Triesen', 1),
(1904, 122, 'Eschen', 1),
(1905, 122, 'Mauren', 1),
(1906, 122, 'Triesenberg', 1),
(1907, 122, 'Ruggell', 1),
(1908, 122, 'Gamprin', 1),
(1909, 122, 'Schellenberg', 1),
(1910, 122, 'Planken', 1),
(1911, 123, 'Alytus', 1),
(1912, 123, 'Kaunas', 1),
(1913, 123, 'Klaipeda', 1),
(1914, 123, 'Marijampole', 1),
(1915, 123, 'Panevezys', 1),
(1916, 123, 'Siauliai', 1),
(1917, 123, 'Taurage', 1),
(1918, 123, 'Telsiai', 1),
(1919, 123, 'Utena', 1),
(1920, 123, 'Vilnius', 1),
(1921, 124, 'Diekirch', 1),
(1922, 124, 'Clervaux', 1),
(1923, 124, 'Redange', 1),
(1924, 124, 'Vianden', 1),
(1925, 124, 'Wiltz', 1),
(1926, 124, 'Grevenmacher', 1),
(1927, 124, 'Echternach', 1),
(1928, 124, 'Remich', 1),
(1929, 124, 'Luxembourg', 1),
(1930, 124, 'Capellen', 1),
(1931, 124, 'Esch-sur-Alzette', 1),
(1932, 124, 'Mersch', 1),
(1933, 125, 'Our Lady Fatima Parish', 1),
(1934, 125, 'St. Anthony Parish', 1),
(1935, 125, 'St. Lazarus Parish', 1),
(1936, 125, 'Cathedral Parish', 1),
(1937, 125, 'St. Lawrence Parish', 1),
(1938, 127, 'Antananarivo', 1),
(1939, 127, 'Antsiranana', 1),
(1940, 127, 'Fianarantsoa', 1),
(1941, 127, 'Mahajanga', 1),
(1942, 127, 'Toamasina', 1),
(1943, 127, 'Toliara', 1),
(1944, 128, 'Balaka', 1),
(1945, 128, 'Blantyre', 1),
(1946, 128, 'Chikwawa', 1),
(1947, 128, 'Chiradzulu', 1),
(1948, 128, 'Chitipa', 1),
(1949, 128, 'Dedza', 1),
(1950, 128, 'Dowa', 1),
(1951, 128, 'Karonga', 1),
(1952, 128, 'Kasungu', 1),
(1953, 128, 'Likoma', 1),
(1954, 128, 'Lilongwe', 1),
(1955, 128, 'Machinga', 1),
(1956, 128, 'Mangochi', 1),
(1957, 128, 'Mchinji', 1),
(1958, 128, 'Mulanje', 1),
(1959, 128, 'Mwanza', 1),
(1960, 128, 'Mzimba', 1),
(1961, 128, 'Ntcheu', 1),
(1962, 128, 'Nkhata Bay', 1),
(1963, 128, 'Nkhotakota', 1),
(1964, 128, 'Nsanje', 1),
(1965, 128, 'Ntchisi', 1),
(1966, 128, 'Phalombe', 1),
(1967, 128, 'Rumphi', 1),
(1968, 128, 'Salima', 1),
(1969, 128, 'Thyolo', 1),
(1970, 128, 'Zomba', 1),
(1971, 129, 'Johor', 1),
(1972, 129, 'Kedah', 1),
(1973, 129, 'Kelantan', 1),
(1974, 129, 'Labuan', 1),
(1975, 129, 'Melaka', 1),
(1976, 129, 'Negeri Sembilan', 1),
(1977, 129, 'Pahang', 1),
(1978, 129, 'Perak', 1),
(1979, 129, 'Perlis', 1),
(1980, 129, 'Pulau Pinang', 1),
(1981, 129, 'Sabah', 1),
(1982, 129, 'Sarawak', 1),
(1983, 129, 'Selangor', 1),
(1984, 129, 'Terengganu', 1),
(1985, 129, 'Kuala Lumpur', 1),
(1986, 130, 'Thiladhunmathi Uthuru', 1),
(1987, 130, 'Thiladhunmathi Dhekunu', 1),
(1988, 130, 'Miladhunmadulu Uthuru', 1),
(1989, 130, 'Miladhunmadulu Dhekunu', 1),
(1990, 130, 'Maalhosmadulu Uthuru', 1),
(1991, 130, 'Maalhosmadulu Dhekunu', 1),
(1992, 130, 'Faadhippolhu', 1),
(1993, 130, 'Male Atoll', 1),
(1994, 130, 'Ari Atoll Uthuru', 1),
(1995, 130, 'Ari Atoll Dheknu', 1),
(1996, 130, 'Felidhe Atoll', 1),
(1997, 130, 'Mulaku Atoll', 1),
(1998, 130, 'Nilandhe Atoll Uthuru', 1),
(1999, 130, 'Nilandhe Atoll Dhekunu', 1),
(2000, 130, 'Kolhumadulu', 1),
(2001, 130, 'Hadhdhunmathi', 1);
INSERT INTO `city` (`zone_id`, `country_id`, `name`, `status`) VALUES
(2002, 130, 'Huvadhu Atoll Uthuru', 1),
(2003, 130, 'Huvadhu Atoll Dhekunu', 1),
(2004, 130, 'Fua Mulaku', 1),
(2005, 130, 'Addu', 1),
(2006, 131, 'Gao', 1),
(2007, 131, 'Kayes', 1),
(2008, 131, 'Kidal', 1),
(2009, 131, 'Koulikoro', 1),
(2010, 131, 'Mopti', 1),
(2011, 131, 'Segou', 1),
(2012, 131, 'Sikasso', 1),
(2013, 131, 'Tombouctou', 1),
(2014, 131, 'Bamako Capital District', 1),
(2015, 132, 'Attard', 1),
(2016, 132, 'Balzan', 1),
(2017, 132, 'Birgu', 1),
(2018, 132, 'Birkirkara', 1),
(2019, 132, 'Birzebbuga', 1),
(2020, 132, 'Bormla', 1),
(2021, 132, 'Dingli', 1),
(2022, 132, 'Fgura', 1),
(2023, 132, 'Floriana', 1),
(2024, 132, 'Gudja', 1),
(2025, 132, 'Gzira', 1),
(2026, 132, 'Gargur', 1),
(2027, 132, 'Gaxaq', 1),
(2028, 132, 'Hamrun', 1),
(2029, 132, 'Iklin', 1),
(2030, 132, 'Isla', 1),
(2031, 132, 'Kalkara', 1),
(2032, 132, 'Kirkop', 1),
(2033, 132, 'Lija', 1),
(2034, 132, 'Luqa', 1),
(2035, 132, 'Marsa', 1),
(2036, 132, 'Marsaskala', 1),
(2037, 132, 'Marsaxlokk', 1),
(2038, 132, 'Mdina', 1),
(2039, 132, 'Melliea', 1),
(2040, 132, 'Mgarr', 1),
(2041, 132, 'Mosta', 1),
(2042, 132, 'Mqabba', 1),
(2043, 132, 'Msida', 1),
(2044, 132, 'Mtarfa', 1),
(2045, 132, 'Naxxar', 1),
(2046, 132, 'Paola', 1),
(2047, 132, 'Pembroke', 1),
(2048, 132, 'Pieta', 1),
(2049, 132, 'Qormi', 1),
(2050, 132, 'Qrendi', 1),
(2051, 132, 'Rabat', 1),
(2052, 132, 'Safi', 1),
(2053, 132, 'San Giljan', 1),
(2054, 132, 'Santa Lucija', 1),
(2055, 132, 'San Pawl il-Bahar', 1),
(2056, 132, 'San Gwann', 1),
(2057, 132, 'Santa Venera', 1),
(2058, 132, 'Siggiewi', 1),
(2059, 132, 'Sliema', 1),
(2060, 132, 'Swieqi', 1),
(2061, 132, 'Ta Xbiex', 1),
(2062, 132, 'Tarxien', 1),
(2063, 132, 'Valletta', 1),
(2064, 132, 'Xgajra', 1),
(2065, 132, 'Zabbar', 1),
(2066, 132, 'Zebbug', 1),
(2067, 132, 'Zejtun', 1),
(2068, 132, 'Zurrieq', 1),
(2069, 132, 'Fontana', 1),
(2070, 132, 'Ghajnsielem', 1),
(2071, 132, 'Gharb', 1),
(2072, 132, 'Ghasri', 1),
(2073, 132, 'Kercem', 1),
(2074, 132, 'Munxar', 1),
(2075, 132, 'Nadur', 1),
(2076, 132, 'Qala', 1),
(2077, 132, 'Victoria', 1),
(2078, 132, 'San Lawrenz', 1),
(2079, 132, 'Sannat', 1),
(2080, 132, 'Xagra', 1),
(2081, 132, 'Xewkija', 1),
(2082, 132, 'Zebbug', 1),
(2083, 133, 'Ailinginae', 1),
(2084, 133, 'Ailinglaplap', 1),
(2085, 133, 'Ailuk', 1),
(2086, 133, 'Arno', 1),
(2087, 133, 'Aur', 1),
(2088, 133, 'Bikar', 1),
(2089, 133, 'Bikini', 1),
(2090, 133, 'Bokak', 1),
(2091, 133, 'Ebon', 1),
(2092, 133, 'Enewetak', 1),
(2093, 133, 'Erikub', 1),
(2094, 133, 'Jabat', 1),
(2095, 133, 'Jaluit', 1),
(2096, 133, 'Jemo', 1),
(2097, 133, 'Kili', 1),
(2098, 133, 'Kwajalein', 1),
(2099, 133, 'Lae', 1),
(2100, 133, 'Lib', 1),
(2101, 133, 'Likiep', 1),
(2102, 133, 'Majuro', 1),
(2103, 133, 'Maloelap', 1),
(2104, 133, 'Mejit', 1),
(2105, 133, 'Mili', 1),
(2106, 133, 'Namorik', 1),
(2107, 133, 'Namu', 1),
(2108, 133, 'Rongelap', 1),
(2109, 133, 'Rongrik', 1),
(2110, 133, 'Toke', 1),
(2111, 133, 'Ujae', 1),
(2112, 133, 'Ujelang', 1),
(2113, 133, 'Utirik', 1),
(2114, 133, 'Wotho', 1),
(2115, 133, 'Wotje', 1),
(2116, 135, 'Adrar', 1),
(2117, 135, 'Assaba', 1),
(2118, 135, 'Brakna', 1),
(2119, 135, 'Dakhlet Nouadhibou', 1),
(2120, 135, 'Gorgol', 1),
(2121, 135, 'Guidimaka', 1),
(2122, 135, 'Hodh Ech Chargui', 1),
(2123, 135, 'Hodh El Gharbi', 1),
(2124, 135, 'Inchiri', 1),
(2125, 135, 'Tagant', 1),
(2126, 135, 'Tiris Zemmour', 1),
(2127, 135, 'Trarza', 1),
(2128, 135, 'Nouakchott', 1),
(2129, 136, 'Beau Bassin-Rose Hill', 1),
(2130, 136, 'Curepipe', 1),
(2131, 136, 'Port Louis', 1),
(2132, 136, 'Quatre Bornes', 1),
(2133, 136, 'Vacoas-Phoenix', 1),
(2134, 136, 'Agalega Islands', 1),
(2135, 136, 'Cargados Carajos Shoals (Saint Brandon Islands)', 1),
(2136, 136, 'Rodrigues', 1),
(2137, 136, 'Black River', 1),
(2138, 136, 'Flacq', 1),
(2139, 136, 'Grand Port', 1),
(2140, 136, 'Moka', 1),
(2141, 136, 'Pamplemousses', 1),
(2142, 136, 'Plaines Wilhems', 1),
(2143, 136, 'Port Louis', 1),
(2144, 136, 'Riviere du Rempart', 1),
(2145, 136, 'Savanne', 1),
(2146, 138, 'Baja California Norte', 1),
(2147, 138, 'Baja California Sur', 1),
(2148, 138, 'Campeche', 1),
(2149, 138, 'Chiapas', 1),
(2150, 138, 'Chihuahua', 1),
(2151, 138, 'Coahuila de Zaragoza', 1),
(2152, 138, 'Colima', 1),
(2153, 138, 'Distrito Federal', 1),
(2154, 138, 'Durango', 1),
(2155, 138, 'Guanajuato', 1),
(2156, 138, 'Guerrero', 1),
(2157, 138, 'Hidalgo', 1),
(2158, 138, 'Jalisco', 1),
(2159, 138, 'Mexico', 1),
(2160, 138, 'Michoacan de Ocampo', 1),
(2161, 138, 'Morelos', 1),
(2162, 138, 'Nayarit', 1),
(2163, 138, 'Nuevo Leon', 1),
(2164, 138, 'Oaxaca', 1),
(2165, 138, 'Puebla', 1),
(2166, 138, 'Queretaro de Arteaga', 1),
(2167, 138, 'Quintana Roo', 1),
(2168, 138, 'San Luis Potosi', 1),
(2169, 138, 'Sinaloa', 1),
(2170, 138, 'Sonora', 1),
(2171, 138, 'Tabasco', 1),
(2172, 138, 'Tamaulipas', 1),
(2173, 138, 'Tlaxcala', 1),
(2174, 138, 'Veracruz-Llave', 1),
(2175, 138, 'Yucatan', 1),
(2176, 138, 'Zacatecas', 1),
(2177, 139, 'Chuuk', 1),
(2178, 139, 'Kosrae', 1),
(2179, 139, 'Pohnpei', 1),
(2180, 139, 'Yap', 1),
(2181, 140, 'Gagauzia', 1),
(2182, 140, 'Chisinau', 1),
(2183, 140, 'Balti', 1),
(2184, 140, 'Cahul', 1),
(2185, 140, 'Edinet', 1),
(2186, 140, 'Lapusna', 1),
(2187, 140, 'Orhei', 1),
(2188, 140, 'Soroca', 1),
(2189, 140, 'Tighina', 1),
(2190, 140, 'Ungheni', 1),
(2191, 140, 'St‚nga Nistrului', 1),
(2192, 141, 'Fontvieille', 1),
(2193, 141, 'La Condamine', 1),
(2194, 141, 'Monaco-Ville', 1),
(2195, 141, 'Monte-Carlo', 1),
(2196, 142, 'Ulanbaatar', 1),
(2197, 142, 'Orhon', 1),
(2198, 142, 'Darhan uul', 1),
(2199, 142, 'Hentiy', 1),
(2200, 142, 'Hovsgol', 1),
(2201, 142, 'Hovd', 1),
(2202, 142, 'Uvs', 1),
(2203, 142, 'Tov', 1),
(2204, 142, 'Selenge', 1),
(2205, 142, 'Suhbaatar', 1),
(2206, 142, 'Omnogovi', 1),
(2207, 142, 'Ovorhangay', 1),
(2208, 142, 'Dzavhan', 1),
(2209, 142, 'DundgovL', 1),
(2210, 142, 'Dornod', 1),
(2211, 142, 'Dornogov', 1),
(2212, 142, 'Govi-Sumber', 1),
(2213, 142, 'Govi-Altay', 1),
(2214, 142, 'Bulgan', 1),
(2215, 142, 'Bayanhongor', 1),
(2216, 142, 'Bayan-Olgiy', 1),
(2217, 142, 'Arhangay', 1),
(2218, 143, 'Saint Anthony', 1),
(2219, 143, 'Saint Georges', 1),
(2220, 143, 'Saint Peter', 1),
(2221, 144, 'Agadir', 1),
(2222, 144, 'Al Hoceima', 1),
(2223, 144, 'Azilal', 1),
(2224, 144, 'Beni Mellal', 1),
(2225, 144, 'Ben Slimane', 1),
(2226, 144, 'Boulemane', 1),
(2227, 144, 'Casablanca', 1),
(2228, 144, 'Chaouen', 1),
(2229, 144, 'El Jadida', 1),
(2230, 144, 'El Kelaa des Sraghna', 1),
(2231, 144, 'Er Rachidia', 1),
(2232, 144, 'Essaouira', 1),
(2233, 144, 'Fes', 1),
(2234, 144, 'Figuig', 1),
(2235, 144, 'Guelmim', 1),
(2236, 144, 'Ifrane', 1),
(2237, 144, 'Kenitra', 1),
(2238, 144, 'Khemisset', 1),
(2239, 144, 'Khenifra', 1),
(2240, 144, 'Khouribga', 1),
(2241, 144, 'Laayoune', 1),
(2242, 144, 'Larache', 1),
(2243, 144, 'Marrakech', 1),
(2244, 144, 'Meknes', 1),
(2245, 144, 'Nador', 1),
(2246, 144, 'Ouarzazate', 1),
(2247, 144, 'Oujda', 1),
(2248, 144, 'Rabat-Sale', 1),
(2249, 144, 'Safi', 1),
(2250, 144, 'Settat', 1),
(2251, 144, 'Sidi Kacem', 1),
(2252, 144, 'Tangier', 1),
(2253, 144, 'Tan-Tan', 1),
(2254, 144, 'Taounate', 1),
(2255, 144, 'Taroudannt', 1),
(2256, 144, 'Tata', 1),
(2257, 144, 'Taza', 1),
(2258, 144, 'Tetouan', 1),
(2259, 144, 'Tiznit', 1),
(2260, 144, 'Ad Dakhla', 1),
(2261, 144, 'Boujdour', 1),
(2262, 144, 'Es Smara', 1),
(2263, 145, 'Cabo Delgado', 1),
(2264, 145, 'Gaza', 1),
(2265, 145, 'Inhambane', 1),
(2266, 145, 'Manica', 1),
(2267, 145, 'Maputo (city)', 1),
(2268, 145, 'Maputo', 1),
(2269, 145, 'Nampula', 1),
(2270, 145, 'Niassa', 1),
(2271, 145, 'Sofala', 1),
(2272, 145, 'Tete', 1),
(2273, 145, 'Zambezia', 1),
(2274, 146, 'Ayeyarwady', 1),
(2275, 146, 'Bago', 1),
(2276, 146, 'Magway', 1),
(2277, 146, 'Mandalay', 1),
(2278, 146, 'Sagaing', 1),
(2279, 146, 'Tanintharyi', 1),
(2280, 146, 'Yangon', 1),
(2281, 146, 'Chin State', 1),
(2282, 146, 'Kachin State', 1),
(2283, 146, 'Kayah State', 1),
(2284, 146, 'Kayin State', 1),
(2285, 146, 'Mon State', 1),
(2286, 146, 'Rakhine State', 1),
(2287, 146, 'Shan State', 1),
(2288, 147, 'Caprivi', 1),
(2289, 147, 'Erongo', 1),
(2290, 147, 'Hardap', 1),
(2291, 147, 'Karas', 1),
(2292, 147, 'Kavango', 1),
(2293, 147, 'Khomas', 1),
(2294, 147, 'Kunene', 1),
(2295, 147, 'Ohangwena', 1),
(2296, 147, 'Omaheke', 1),
(2297, 147, 'Omusati', 1),
(2298, 147, 'Oshana', 1),
(2299, 147, 'Oshikoto', 1),
(2300, 147, 'Otjozondjupa', 1),
(2301, 148, 'Aiwo', 1),
(2302, 148, 'Anabar', 1),
(2303, 148, 'Anetan', 1),
(2304, 148, 'Anibare', 1),
(2305, 148, 'Baiti', 1),
(2306, 148, 'Boe', 1),
(2307, 148, 'Buada', 1),
(2308, 148, 'Denigomodu', 1),
(2309, 148, 'Ewa', 1),
(2310, 148, 'Ijuw', 1),
(2311, 148, 'Meneng', 1),
(2312, 148, 'Nibok', 1),
(2313, 148, 'Uaboe', 1),
(2314, 148, 'Yaren', 1),
(2315, 149, 'Bagmati', 1),
(2316, 149, 'Bheri', 1),
(2317, 149, 'Dhawalagiri', 1),
(2318, 149, 'Gandaki', 1),
(2319, 149, 'Janakpur', 1),
(2320, 149, 'Karnali', 1),
(2321, 149, 'Kosi', 1),
(2322, 149, 'Lumbini', 1),
(2323, 149, 'Mahakali', 1),
(2324, 149, 'Mechi', 1),
(2325, 149, 'Narayani', 1),
(2326, 149, 'Rapti', 1),
(2327, 149, 'Sagarmatha', 1),
(2328, 149, 'Seti', 1),
(2329, 150, 'Drenthe', 1),
(2330, 150, 'Flevoland', 1),
(2331, 150, 'Friesland', 1),
(2332, 150, 'Gelderland', 1),
(2333, 150, 'Groningen', 1),
(2334, 150, 'Limburg', 1),
(2335, 150, 'Noord Brabant', 1),
(2336, 150, 'Noord Holland', 1),
(2337, 150, 'Overijssel', 1),
(2338, 150, 'Utrecht', 1),
(2339, 150, 'Zeeland', 1),
(2340, 150, 'Zuid Holland', 1),
(2341, 152, 'Iles Loyaute', 1),
(2342, 152, 'Nord', 1),
(2343, 152, 'Sud', 1),
(2344, 153, 'Auckland', 1),
(2345, 153, 'Bay of Plenty', 1),
(2346, 153, 'Canterbury', 1),
(2347, 153, 'Coromandel', 1),
(2348, 153, 'Gisborne', 1),
(2349, 153, 'Fiordland', 1),
(2350, 153, 'Hawke''s Bay', 1),
(2351, 153, 'Marlborough', 1),
(2352, 153, 'Manawatu-Wanganui', 1),
(2353, 153, 'Mt Cook-Mackenzie', 1),
(2354, 153, 'Nelson', 1),
(2355, 153, 'Northland', 1),
(2356, 153, 'Otago', 1),
(2357, 153, 'Southland', 1),
(2358, 153, 'Taranaki', 1),
(2359, 153, 'Wellington', 1),
(2360, 153, 'Waikato', 1),
(2361, 153, 'Wairarapa', 1),
(2362, 153, 'West Coast', 1),
(2363, 154, 'Atlantico Norte', 1),
(2364, 154, 'Atlantico Sur', 1),
(2365, 154, 'Boaco', 1),
(2366, 154, 'Carazo', 1),
(2367, 154, 'Chinandega', 1),
(2368, 154, 'Chontales', 1),
(2369, 154, 'Esteli', 1),
(2370, 154, 'Granada', 1),
(2371, 154, 'Jinotega', 1),
(2372, 154, 'Leon', 1),
(2373, 154, 'Madriz', 1),
(2374, 154, 'Managua', 1),
(2375, 154, 'Masaya', 1),
(2376, 154, 'Matagalpa', 1),
(2377, 154, 'Nuevo Segovia', 1),
(2378, 154, 'Rio San Juan', 1),
(2379, 154, 'Rivas', 1),
(2380, 155, 'Agadez', 1),
(2381, 155, 'Diffa', 1),
(2382, 155, 'Dosso', 1),
(2383, 155, 'Maradi', 1),
(2384, 155, 'Niamey', 1),
(2385, 155, 'Tahoua', 1),
(2386, 155, 'Tillaberi', 1),
(2387, 155, 'Zinder', 1),
(2388, 156, 'Abia', 1),
(2389, 156, 'Abuja Federal Capital Territory', 1),
(2390, 156, 'Adamawa', 1),
(2391, 156, 'Akwa Ibom', 1),
(2392, 156, 'Anambra', 1),
(2393, 156, 'Bauchi', 1),
(2394, 156, 'Bayelsa', 1),
(2395, 156, 'Benue', 1),
(2396, 156, 'Borno', 1),
(2397, 156, 'Cross River', 1),
(2398, 156, 'Delta', 1),
(2399, 156, 'Ebonyi', 1),
(2400, 156, 'Edo', 1),
(2401, 156, 'Ekiti', 1),
(2402, 156, 'Enugu', 1),
(2403, 156, 'Gombe', 1),
(2404, 156, 'Imo', 1),
(2405, 156, 'Jigawa', 1),
(2406, 156, 'Kaduna', 1),
(2407, 156, 'Kano', 1),
(2408, 156, 'Katsina', 1),
(2409, 156, 'Kebbi', 1),
(2410, 156, 'Kogi', 1),
(2411, 156, 'Kwara', 1),
(2412, 156, 'Lagos', 1),
(2413, 156, 'Nassarawa', 1),
(2414, 156, 'Niger', 1),
(2415, 156, 'Ogun', 1),
(2416, 156, 'Ondo', 1),
(2417, 156, 'Osun', 1),
(2418, 156, 'Oyo', 1),
(2419, 156, 'Plateau', 1),
(2420, 156, 'Rivers', 1),
(2421, 156, 'Sokoto', 1),
(2422, 156, 'Taraba', 1),
(2423, 156, 'Yobe', 1),
(2424, 156, 'Zamfara', 1),
(2425, 159, 'Northern Islands', 1),
(2426, 159, 'Rota', 1),
(2427, 159, 'Saipan', 1),
(2428, 159, 'Tinian', 1),
(2429, 160, 'Akershus', 1),
(2430, 160, 'Aust-Agder', 1),
(2431, 160, 'Buskerud', 1),
(2432, 160, 'Finnmark', 1),
(2433, 160, 'Hedmark', 1),
(2434, 160, 'Hordaland', 1),
(2435, 160, 'More og Romdal', 1),
(2436, 160, 'Nord-Trondelag', 1),
(2437, 160, 'Nordland', 1),
(2438, 160, 'Ostfold', 1),
(2439, 160, 'Oppland', 1),
(2440, 160, 'Oslo', 1),
(2441, 160, 'Rogaland', 1),
(2442, 160, 'Sor-Trondelag', 1),
(2443, 160, 'Sogn og Fjordane', 1),
(2444, 160, 'Svalbard', 1),
(2445, 160, 'Telemark', 1),
(2446, 160, 'Troms', 1),
(2447, 160, 'Vest-Agder', 1),
(2448, 160, 'Vestfold', 1),
(2449, 161, 'Ad Dakhiliyah', 1),
(2450, 161, 'Al Batinah', 1),
(2451, 161, 'Al Wusta', 1),
(2452, 161, 'Ash Sharqiyah', 1),
(2453, 161, 'Az Zahirah', 1),
(2454, 161, 'Masqat', 1),
(2455, 161, 'Musandam', 1),
(2456, 161, 'Zufar', 1),
(2457, 162, 'Balochistan', 1),
(2458, 162, 'Federally Administered Tribal Areas', 1),
(2459, 162, 'Islamabad Capital Territory', 1),
(2460, 162, 'North-West Frontier', 1),
(2461, 162, 'Punjab', 1),
(2462, 162, 'Sindh', 1),
(2463, 163, 'Aimeliik', 1),
(2464, 163, 'Airai', 1),
(2465, 163, 'Angaur', 1),
(2466, 163, 'Hatohobei', 1),
(2467, 163, 'Kayangel', 1),
(2468, 163, 'Koror', 1),
(2469, 163, 'Melekeok', 1),
(2470, 163, 'Ngaraard', 1),
(2471, 163, 'Ngarchelong', 1),
(2472, 163, 'Ngardmau', 1),
(2473, 163, 'Ngatpang', 1),
(2474, 163, 'Ngchesar', 1),
(2475, 163, 'Ngeremlengui', 1),
(2476, 163, 'Ngiwal', 1),
(2477, 163, 'Peleliu', 1),
(2478, 163, 'Sonsorol', 1),
(2479, 164, 'Bocas del Toro', 1),
(2480, 164, 'Chiriqui', 1),
(2481, 164, 'Cocle', 1),
(2482, 164, 'Colon', 1),
(2483, 164, 'Darien', 1),
(2484, 164, 'Herrera', 1),
(2485, 164, 'Los Santos', 1),
(2486, 164, 'Panama', 1),
(2487, 164, 'San Blas', 1),
(2488, 164, 'Veraguas', 1),
(2489, 165, 'Bougainville', 1),
(2490, 165, 'Central', 1),
(2491, 165, 'Chimbu', 1),
(2492, 165, 'Eastern Highlands', 1),
(2493, 165, 'East New Britain', 1),
(2494, 165, 'East Sepik', 1),
(2495, 165, 'Enga', 1),
(2496, 165, 'Gulf', 1),
(2497, 165, 'Madang', 1),
(2498, 165, 'Manus', 1),
(2499, 165, 'Milne Bay', 1),
(2500, 165, 'Morobe', 1),
(2501, 165, 'National Capital', 1),
(2502, 165, 'New Ireland', 1),
(2503, 165, 'Northern', 1),
(2504, 165, 'Sandaun', 1),
(2505, 165, 'Southern Highlands', 1),
(2506, 165, 'Western', 1),
(2507, 165, 'Western Highlands', 1),
(2508, 165, 'West New Britain', 1),
(2509, 166, 'Alto Paraguay', 1),
(2510, 166, 'Alto Parana', 1),
(2511, 166, 'Amambay', 1),
(2512, 166, 'Asuncion', 1),
(2513, 166, 'Boqueron', 1),
(2514, 166, 'Caaguazu', 1),
(2515, 166, 'Caazapa', 1),
(2516, 166, 'Canindeyu', 1),
(2517, 166, 'Central', 1),
(2518, 166, 'Concepcion', 1),
(2519, 166, 'Cordillera', 1),
(2520, 166, 'Guaira', 1),
(2521, 166, 'Itapua', 1),
(2522, 166, 'Misiones', 1),
(2523, 166, 'Neembucu', 1),
(2524, 166, 'Paraguari', 1),
(2525, 166, 'Presidente Hayes', 1),
(2526, 166, 'San Pedro', 1),
(2527, 167, 'Amazonas', 1),
(2528, 167, 'Ancash', 1),
(2529, 167, 'Apurimac', 1),
(2530, 167, 'Arequipa', 1),
(2531, 167, 'Ayacucho', 1),
(2532, 167, 'Cajamarca', 1),
(2533, 167, 'Callao', 1),
(2534, 167, 'Cusco', 1),
(2535, 167, 'Huancavelica', 1),
(2536, 167, 'Huanuco', 1),
(2537, 167, 'Ica', 1),
(2538, 167, 'Junin', 1),
(2539, 167, 'La Libertad', 1),
(2540, 167, 'Lambayeque', 1),
(2541, 167, 'Lima', 1),
(2542, 167, 'Loreto', 1),
(2543, 167, 'Madre de Dios', 1),
(2544, 167, 'Moquegua', 1),
(2545, 167, 'Pasco', 1),
(2546, 167, 'Piura', 1),
(2547, 167, 'Puno', 1),
(2548, 167, 'San Martin', 1),
(2549, 167, 'Tacna', 1),
(2550, 167, 'Tumbes', 1),
(2551, 167, 'Ucayali', 1),
(2552, 168, 'Abra', 1),
(2553, 168, 'Agusan del Norte', 1),
(2554, 168, 'Agusan del Sur', 1),
(2555, 168, 'Aklan', 1),
(2556, 168, 'Albay', 1),
(2557, 168, 'Antique', 1),
(2558, 168, 'Apayao', 1),
(2559, 168, 'Aurora', 1),
(2560, 168, 'Basilan', 1),
(2561, 168, 'Bataan', 1),
(2562, 168, 'Batanes', 1),
(2563, 168, 'Batangas', 1),
(2564, 168, 'Biliran', 1),
(2565, 168, 'Benguet', 1),
(2566, 168, 'Bohol', 1),
(2567, 168, 'Bukidnon', 1),
(2568, 168, 'Bulacan', 1),
(2569, 168, 'Cagayan', 1),
(2570, 168, 'Camarines Norte', 1),
(2571, 168, 'Camarines Sur', 1),
(2572, 168, 'Camiguin', 1),
(2573, 168, 'Capiz', 1),
(2574, 168, 'Catanduanes', 1),
(2575, 168, 'Cavite', 1),
(2576, 168, 'Cebu', 1),
(2577, 168, 'Compostela', 1),
(2578, 168, 'Davao del Norte', 1),
(2579, 168, 'Davao del Sur', 1),
(2580, 168, 'Davao Oriental', 1),
(2581, 168, 'Eastern Samar', 1),
(2582, 168, 'Guimaras', 1),
(2583, 168, 'Ifugao', 1),
(2584, 168, 'Ilocos Norte', 1),
(2585, 168, 'Ilocos Sur', 1),
(2586, 168, 'Iloilo', 1),
(2587, 168, 'Isabela', 1),
(2588, 168, 'Kalinga', 1),
(2589, 168, 'Laguna', 1),
(2590, 168, 'Lanao del Norte', 1),
(2591, 168, 'Lanao del Sur', 1),
(2592, 168, 'La Union', 1),
(2593, 168, 'Leyte', 1),
(2594, 168, 'Maguindanao', 1),
(2595, 168, 'Marinduque', 1),
(2596, 168, 'Masbate', 1),
(2597, 168, 'Mindoro Occidental', 1),
(2598, 168, 'Mindoro Oriental', 1),
(2599, 168, 'Misamis Occidental', 1),
(2600, 168, 'Misamis Oriental', 1),
(2601, 168, 'Mountain', 1),
(2602, 168, 'Negros Occidental', 1),
(2603, 168, 'Negros Oriental', 1),
(2604, 168, 'North Cotabato', 1),
(2605, 168, 'Northern Samar', 1),
(2606, 168, 'Nueva Ecija', 1),
(2607, 168, 'Nueva Vizcaya', 1),
(2608, 168, 'Palawan', 1),
(2609, 168, 'Pampanga', 1),
(2610, 168, 'Pangasinan', 1),
(2611, 168, 'Quezon', 1),
(2612, 168, 'Quirino', 1),
(2613, 168, 'Rizal', 1),
(2614, 168, 'Romblon', 1),
(2615, 168, 'Samar', 1),
(2616, 168, 'Sarangani', 1),
(2617, 168, 'Siquijor', 1),
(2618, 168, 'Sorsogon', 1),
(2619, 168, 'South Cotabato', 1),
(2620, 168, 'Southern Leyte', 1),
(2621, 168, 'Sultan Kudarat', 1),
(2622, 168, 'Sulu', 1),
(2623, 168, 'Surigao del Norte', 1),
(2624, 168, 'Surigao del Sur', 1),
(2625, 168, 'Tarlac', 1),
(2626, 168, 'Tawi-Tawi', 1),
(2627, 168, 'Zambales', 1),
(2628, 168, 'Zamboanga del Norte', 1),
(2629, 168, 'Zamboanga del Sur', 1),
(2630, 168, 'Zamboanga Sibugay', 1),
(2631, 170, 'Dolnoslaskie', 1),
(2632, 170, 'Kujawsko-Pomorskie', 1),
(2633, 170, 'Lodzkie', 1),
(2634, 170, 'Lubelskie', 1),
(2635, 170, 'Lubuskie', 1),
(2636, 170, 'Malopolskie', 1),
(2637, 170, 'Mazowieckie', 1),
(2638, 170, 'Opolskie', 1),
(2639, 170, 'Podkarpackie', 1),
(2640, 170, 'Podlaskie', 1),
(2641, 170, 'Pomorskie', 1),
(2642, 170, 'Slaskie', 1),
(2643, 170, 'Swietokrzyskie', 1),
(2644, 170, 'Warminsko-Mazurskie', 1),
(2645, 170, 'Wielkopolskie', 1),
(2646, 170, 'Zachodniopomorskie', 1),
(2647, 198, 'Saint Pierre', 1),
(2648, 198, 'Miquelon', 1),
(2649, 171, 'A&ccedil;ores', 1),
(2650, 171, 'Aveiro', 1),
(2651, 171, 'Beja', 1),
(2652, 171, 'Braga', 1),
(2653, 171, 'Bragan&ccedil;a', 1),
(2654, 171, 'Castelo Branco', 1),
(2655, 171, 'Coimbra', 1),
(2656, 171, '&Eacute;vora', 1),
(2657, 171, 'Faro', 1),
(2658, 171, 'Guarda', 1),
(2659, 171, 'Leiria', 1),
(2660, 171, 'Lisboa', 1),
(2661, 171, 'Madeira', 1),
(2662, 171, 'Portalegre', 1),
(2663, 171, 'Porto', 1),
(2664, 171, 'Santar&eacute;m', 1),
(2665, 171, 'Set&uacute;bal', 1),
(2666, 171, 'Viana do Castelo', 1),
(2667, 171, 'Vila Real', 1),
(2668, 171, 'Viseu', 1),
(2669, 173, 'Ad Dawhah', 1),
(2670, 173, 'Al Ghuwayriyah', 1),
(2671, 173, 'Al Jumayliyah', 1),
(2672, 173, 'Al Khawr', 1),
(2673, 173, 'Al Wakrah', 1),
(2674, 173, 'Ar Rayyan', 1),
(2675, 173, 'Jarayan al Batinah', 1),
(2676, 173, 'Madinat ash Shamal', 1),
(2677, 173, 'Umm Sa''id', 1),
(2678, 173, 'Umm Salal', 1),
(2679, 175, 'Alba', 1),
(2680, 175, 'Arad', 1),
(2681, 175, 'Arges', 1),
(2682, 175, 'Bacau', 1),
(2683, 175, 'Bihor', 1),
(2684, 175, 'Bistrita-Nasaud', 1),
(2685, 175, 'Botosani', 1),
(2686, 175, 'Brasov', 1),
(2687, 175, 'Braila', 1),
(2688, 175, 'Bucuresti', 1),
(2689, 175, 'Buzau', 1),
(2690, 175, 'Caras-Severin', 1),
(2691, 175, 'Calarasi', 1),
(2692, 175, 'Cluj', 1),
(2693, 175, 'Constanta', 1),
(2694, 175, 'Covasna', 1),
(2695, 175, 'Dimbovita', 1),
(2696, 175, 'Dolj', 1),
(2697, 175, 'Galati', 1),
(2698, 175, 'Giurgiu', 1),
(2699, 175, 'Gorj', 1),
(2700, 175, 'Harghita', 1),
(2701, 175, 'Hunedoara', 1),
(2702, 175, 'Ialomita', 1),
(2703, 175, 'Iasi', 1),
(2704, 175, 'Ilfov', 1),
(2705, 175, 'Maramures', 1),
(2706, 175, 'Mehedinti', 1),
(2707, 175, 'Mures', 1),
(2708, 175, 'Neamt', 1),
(2709, 175, 'Olt', 1),
(2710, 175, 'Prahova', 1),
(2711, 175, 'Satu-Mare', 1),
(2712, 175, 'Salaj', 1),
(2713, 175, 'Sibiu', 1),
(2714, 175, 'Suceava', 1),
(2715, 175, 'Teleorman', 1),
(2716, 175, 'Timis', 1),
(2717, 175, 'Tulcea', 1),
(2718, 175, 'Vaslui', 1),
(2719, 175, 'Valcea', 1),
(2720, 175, 'Vrancea', 1),
(2721, 176, 'Abakan', 1),
(2722, 176, 'Aginskoye', 1),
(2723, 176, 'Anadyr', 1),
(2724, 176, 'Arkahangelsk', 1),
(2725, 176, 'Astrakhan', 1),
(2726, 176, 'Barnaul', 1),
(2727, 176, 'Belgorod', 1),
(2728, 176, 'Birobidzhan', 1),
(2729, 176, 'Blagoveshchensk', 1),
(2730, 176, 'Bryansk', 1),
(2731, 176, 'Cheboksary', 1),
(2732, 176, 'Chelyabinsk', 1),
(2733, 176, 'Cherkessk', 1),
(2734, 176, 'Chita', 1),
(2735, 176, 'Dudinka', 1),
(2736, 176, 'Elista', 1),
(2737, 176, 'Gomo-Altaysk', 1),
(2738, 176, 'Gorno-Altaysk', 1),
(2739, 176, 'Groznyy', 1),
(2740, 176, 'Irkutsk', 1),
(2741, 176, 'Ivanovo', 1),
(2742, 176, 'Izhevsk', 1),
(2743, 176, 'Kalinigrad', 1),
(2744, 176, 'Kaluga', 1),
(2745, 176, 'Kasnodar', 1),
(2746, 176, 'Kazan', 1),
(2747, 176, 'Kemerovo', 1),
(2748, 176, 'Khabarovsk', 1),
(2749, 176, 'Khanty-Mansiysk', 1),
(2750, 176, 'Kostroma', 1),
(2751, 176, 'Krasnodar', 1),
(2752, 176, 'Krasnoyarsk', 1),
(2753, 176, 'Kudymkar', 1),
(2754, 176, 'Kurgan', 1),
(2755, 176, 'Kursk', 1),
(2756, 176, 'Kyzyl', 1),
(2757, 176, 'Lipetsk', 1),
(2758, 176, 'Magadan', 1),
(2759, 176, 'Makhachkala', 1),
(2760, 176, 'Maykop', 1),
(2761, 176, 'Moscow', 1),
(2762, 176, 'Murmansk', 1),
(2763, 176, 'Nalchik', 1),
(2764, 176, 'Naryan Mar', 1),
(2765, 176, 'Nazran', 1),
(2766, 176, 'Nizhniy Novgorod', 1),
(2767, 176, 'Novgorod', 1),
(2768, 176, 'Novosibirsk', 1),
(2769, 176, 'Omsk', 1),
(2770, 176, 'Orel', 1),
(2771, 176, 'Orenburg', 1),
(2772, 176, 'Palana', 1),
(2773, 176, 'Penza', 1),
(2774, 176, 'Perm', 1),
(2775, 176, 'Petropavlovsk-Kamchatskiy', 1),
(2776, 176, 'Petrozavodsk', 1),
(2777, 176, 'Pskov', 1),
(2778, 176, 'Rostov-na-Donu', 1),
(2779, 176, 'Ryazan', 1),
(2780, 176, 'Salekhard', 1),
(2781, 176, 'Samara', 1),
(2782, 176, 'Saransk', 1),
(2783, 176, 'Saratov', 1),
(2784, 176, 'Smolensk', 1),
(2785, 176, 'St. Petersburg', 1),
(2786, 176, 'Stavropol', 1),
(2787, 176, 'Syktyvkar', 1),
(2788, 176, 'Tambov', 1),
(2789, 176, 'Tomsk', 1),
(2790, 176, 'Tula', 1),
(2791, 176, 'Tura', 1),
(2792, 176, 'Tver', 1),
(2793, 176, 'Tyumen', 1),
(2794, 176, 'Ufa', 1),
(2795, 176, 'Ul''yanovsk', 1),
(2796, 176, 'Ulan-Ude', 1),
(2797, 176, 'Ust''-Ordynskiy', 1),
(2798, 176, 'Vladikavkaz', 1),
(2799, 176, 'Vladimir', 1),
(2800, 176, 'Vladivostok', 1),
(2801, 176, 'Volgograd', 1),
(2802, 176, 'Vologda', 1),
(2803, 176, 'Voronezh', 1),
(2804, 176, 'Vyatka', 1),
(2805, 176, 'Yakutsk', 1),
(2806, 176, 'Yaroslavl', 1),
(2807, 176, 'Yekaterinburg', 1),
(2808, 176, 'Yoshkar-Ola', 1),
(2809, 177, 'Butare', 1),
(2810, 177, 'Byumba', 1),
(2811, 177, 'Cyangugu', 1),
(2812, 177, 'Gikongoro', 1),
(2813, 177, 'Gisenyi', 1),
(2814, 177, 'Gitarama', 1),
(2815, 177, 'Kibungo', 1),
(2816, 177, 'Kibuye', 1),
(2817, 177, 'Kigali Rurale', 1),
(2818, 177, 'Kigali-ville', 1),
(2819, 177, 'Ruhengeri', 1),
(2820, 177, 'Umutara', 1),
(2821, 178, 'Christ Church Nichola Town', 1),
(2822, 178, 'Saint Anne Sandy Point', 1),
(2823, 178, 'Saint George Basseterre', 1),
(2824, 178, 'Saint George Gingerland', 1),
(2825, 178, 'Saint James Windward', 1),
(2826, 178, 'Saint John Capesterre', 1),
(2827, 178, 'Saint John Figtree', 1),
(2828, 178, 'Saint Mary Cayon', 1),
(2829, 178, 'Saint Paul Capesterre', 1),
(2830, 178, 'Saint Paul Charlestown', 1),
(2831, 178, 'Saint Peter Basseterre', 1),
(2832, 178, 'Saint Thomas Lowland', 1),
(2833, 178, 'Saint Thomas Middle Island', 1),
(2834, 178, 'Trinity Palmetto Point', 1),
(2835, 179, 'Anse-la-Raye', 1),
(2836, 179, 'Castries', 1),
(2837, 179, 'Choiseul', 1),
(2838, 179, 'Dauphin', 1),
(2839, 179, 'Dennery', 1),
(2840, 179, 'Gros-Islet', 1),
(2841, 179, 'Laborie', 1),
(2842, 179, 'Micoud', 1),
(2843, 179, 'Praslin', 1),
(2844, 179, 'Soufriere', 1),
(2845, 179, 'Vieux-Fort', 1),
(2846, 180, 'Charlotte', 1),
(2847, 180, 'Grenadines', 1),
(2848, 180, 'Saint Andrew', 1),
(2849, 180, 'Saint David', 1),
(2850, 180, 'Saint George', 1),
(2851, 180, 'Saint Patrick', 1),
(2852, 181, 'A''ana', 1),
(2853, 181, 'Aiga-i-le-Tai', 1),
(2854, 181, 'Atua', 1),
(2855, 181, 'Fa''asaleleaga', 1),
(2856, 181, 'Gaga''emauga', 1),
(2857, 181, 'Gagaifomauga', 1),
(2858, 181, 'Palauli', 1),
(2859, 181, 'Satupa''itea', 1),
(2860, 181, 'Tuamasaga', 1),
(2861, 181, 'Va''a-o-Fonoti', 1),
(2862, 181, 'Vaisigano', 1),
(2863, 182, 'Acquaviva', 1),
(2864, 182, 'Borgo Maggiore', 1),
(2865, 182, 'Chiesanuova', 1),
(2866, 182, 'Domagnano', 1),
(2867, 182, 'Faetano', 1),
(2868, 182, 'Fiorentino', 1),
(2869, 182, 'Montegiardino', 1),
(2870, 182, 'Citta di San Marino', 1),
(2871, 182, 'Serravalle', 1),
(2872, 183, 'Sao Tome', 1),
(2873, 183, 'Principe', 1),
(2874, 184, 'Al Bahah', 1),
(2875, 184, 'Al Hudud ash Shamaliyah', 1),
(2876, 184, 'Al Jawf', 1),
(2877, 184, 'Al Madinah', 1),
(2878, 184, 'Al Qasim', 1),
(2879, 184, 'Ar Riyad', 1),
(2880, 184, 'Ash Sharqiyah (Eastern)', 1),
(2881, 184, '''Asir', 1),
(2882, 184, 'Ha''il', 1),
(2883, 184, 'Jizan', 1),
(2884, 184, 'Makkah', 1),
(2885, 184, 'Najran', 1),
(2886, 184, 'Tabuk', 1),
(2887, 185, 'Dakar', 1),
(2888, 185, 'Diourbel', 1),
(2889, 185, 'Fatick', 1),
(2890, 185, 'Kaolack', 1),
(2891, 185, 'Kolda', 1),
(2892, 185, 'Louga', 1),
(2893, 185, 'Matam', 1),
(2894, 185, 'Saint-Louis', 1),
(2895, 185, 'Tambacounda', 1),
(2896, 185, 'Thies', 1),
(2897, 185, 'Ziguinchor', 1),
(2898, 186, 'Anse aux Pins', 1),
(2899, 186, 'Anse Boileau', 1),
(2900, 186, 'Anse Etoile', 1),
(2901, 186, 'Anse Louis', 1),
(2902, 186, 'Anse Royale', 1),
(2903, 186, 'Baie Lazare', 1),
(2904, 186, 'Baie Sainte Anne', 1),
(2905, 186, 'Beau Vallon', 1),
(2906, 186, 'Bel Air', 1),
(2907, 186, 'Bel Ombre', 1),
(2908, 186, 'Cascade', 1),
(2909, 186, 'Glacis', 1),
(2910, 186, 'Grand'' Anse (on Mahe)', 1),
(2911, 186, 'Grand'' Anse (on Praslin)', 1),
(2912, 186, 'La Digue', 1),
(2913, 186, 'La Riviere Anglaise', 1),
(2914, 186, 'Mont Buxton', 1),
(2915, 186, 'Mont Fleuri', 1),
(2916, 186, 'Plaisance', 1),
(2917, 186, 'Pointe La Rue', 1),
(2918, 186, 'Port Glaud', 1),
(2919, 186, 'Saint Louis', 1),
(2920, 186, 'Takamaka', 1),
(2921, 187, 'Eastern', 1),
(2922, 187, 'Northern', 1),
(2923, 187, 'Southern', 1),
(2924, 187, 'Western', 1),
(2925, 189, 'Banskobystrický', 1),
(2926, 189, 'Bratislavský', 1),
(2927, 189, 'Košický', 1),
(2928, 189, 'Nitriansky', 1),
(2929, 189, 'Prešovský', 1),
(2930, 189, 'Tren?iansky', 1),
(2931, 189, 'Trnavský', 1),
(2932, 189, 'Žilinský', 1),
(2933, 191, 'Central', 1),
(2934, 191, 'Choiseul', 1),
(2935, 191, 'Guadalcanal', 1),
(2936, 191, 'Honiara', 1),
(2937, 191, 'Isabel', 1),
(2938, 191, 'Makira', 1),
(2939, 191, 'Malaita', 1),
(2940, 191, 'Rennell and Bellona', 1),
(2941, 191, 'Temotu', 1),
(2942, 191, 'Western', 1),
(2943, 192, 'Awdal', 1),
(2944, 192, 'Bakool', 1),
(2945, 192, 'Banaadir', 1),
(2946, 192, 'Bari', 1),
(2947, 192, 'Bay', 1),
(2948, 192, 'Galguduud', 1),
(2949, 192, 'Gedo', 1),
(2950, 192, 'Hiiraan', 1),
(2951, 192, 'Jubbada Dhexe', 1),
(2952, 192, 'Jubbada Hoose', 1),
(2953, 192, 'Mudug', 1),
(2954, 192, 'Nugaal', 1),
(2955, 192, 'Sanaag', 1),
(2956, 192, 'Shabeellaha Dhexe', 1),
(2957, 192, 'Shabeellaha Hoose', 1),
(2958, 192, 'Sool', 1),
(2959, 192, 'Togdheer', 1),
(2960, 192, 'Woqooyi Galbeed', 1),
(2961, 193, 'Eastern Cape', 1),
(2962, 193, 'Free State', 1),
(2963, 193, 'Gauteng', 1),
(2964, 193, 'KwaZulu-Natal', 1),
(2965, 193, 'Limpopo', 1),
(2966, 193, 'Mpumalanga', 1),
(2967, 193, 'North West', 1),
(2968, 193, 'Northern Cape', 1),
(2969, 193, 'Western Cape', 1),
(2970, 195, 'La Coru&ntilde;a', 1),
(2971, 195, '&Aacute;lava', 1),
(2972, 195, 'Albacete', 1),
(2973, 195, 'Alicante', 1),
(2974, 195, 'Almeria', 1),
(2975, 195, 'Asturias', 1),
(2976, 195, '&Aacute;vila', 1),
(2977, 195, 'Badajoz', 1),
(2978, 195, 'Baleares', 1),
(2979, 195, 'Barcelona', 1),
(2980, 195, 'Burgos', 1),
(2981, 195, 'C&aacute;ceres', 1),
(2982, 195, 'C&aacute;diz', 1),
(2983, 195, 'Cantabria', 1),
(2984, 195, 'Castell&oacute;n', 1),
(2985, 195, 'Ceuta', 1),
(2986, 195, 'Ciudad Real', 1),
(2987, 195, 'C&oacute;rdoba', 1),
(2988, 195, 'Cuenca', 1),
(2989, 195, 'Girona', 1),
(2990, 195, 'Granada', 1),
(2991, 195, 'Guadalajara', 1),
(2992, 195, 'Guip&uacute;zcoa', 1),
(2993, 195, 'Huelva', 1),
(2994, 195, 'Huesca', 1),
(2995, 195, 'Ja&eacute;n', 1),
(2996, 195, 'La Rioja', 1),
(2997, 195, 'Las Palmas', 1),
(2998, 195, 'Leon', 1),
(2999, 195, 'Lleida', 1),
(3000, 195, 'Lugo', 1),
(3001, 195, 'Madrid', 1),
(3002, 195, 'Malaga', 1),
(3003, 195, 'Melilla', 1),
(3004, 195, 'Murcia', 1),
(3005, 195, 'Navarra', 1),
(3006, 195, 'Ourense', 1),
(3007, 195, 'Palencia', 1),
(3008, 195, 'Pontevedra', 1),
(3009, 195, 'Salamanca', 1),
(3010, 195, 'Santa Cruz de Tenerife', 1),
(3011, 195, 'Segovia', 1),
(3012, 195, 'Sevilla', 1),
(3013, 195, 'Soria', 1),
(3014, 195, 'Tarragona', 1),
(3015, 195, 'Teruel', 1),
(3016, 195, 'Toledo', 1),
(3017, 195, 'Valencia', 1),
(3018, 195, 'Valladolid', 1),
(3019, 195, 'Vizcaya', 1),
(3020, 195, 'Zamora', 1),
(3021, 195, 'Zaragoza', 1),
(3022, 196, 'Central', 1),
(3023, 196, 'Eastern', 1),
(3024, 196, 'North Central', 1),
(3025, 196, 'Northern', 1),
(3026, 196, 'North Western', 1),
(3027, 196, 'Sabaragamuwa', 1),
(3028, 196, 'Southern', 1),
(3029, 196, 'Uva', 1),
(3030, 196, 'Western', 1),
(3032, 197, 'Saint Helena', 1),
(3034, 199, 'A''ali an Nil', 1),
(3035, 199, 'Al Bahr al Ahmar', 1),
(3036, 199, 'Al Buhayrat', 1),
(3037, 199, 'Al Jazirah', 1),
(3038, 199, 'Al Khartum', 1),
(3039, 199, 'Al Qadarif', 1),
(3040, 199, 'Al Wahdah', 1),
(3041, 199, 'An Nil al Abyad', 1),
(3042, 199, 'An Nil al Azraq', 1),
(3043, 199, 'Ash Shamaliyah', 1),
(3044, 199, 'Bahr al Jabal', 1),
(3045, 199, 'Gharb al Istiwa''iyah', 1),
(3046, 199, 'Gharb Bahr al Ghazal', 1),
(3047, 199, 'Gharb Darfur', 1),
(3048, 199, 'Gharb Kurdufan', 1),
(3049, 199, 'Janub Darfur', 1),
(3050, 199, 'Janub Kurdufan', 1),
(3051, 199, 'Junqali', 1),
(3052, 199, 'Kassala', 1),
(3053, 199, 'Nahr an Nil', 1),
(3054, 199, 'Shamal Bahr al Ghazal', 1),
(3055, 199, 'Shamal Darfur', 1),
(3056, 199, 'Shamal Kurdufan', 1),
(3057, 199, 'Sharq al Istiwa''iyah', 1),
(3058, 199, 'Sinnar', 1),
(3059, 199, 'Warab', 1),
(3060, 200, 'Brokopondo', 1),
(3061, 200, 'Commewijne', 1),
(3062, 200, 'Coronie', 1),
(3063, 200, 'Marowijne', 1),
(3064, 200, 'Nickerie', 1),
(3065, 200, 'Para', 1),
(3066, 200, 'Paramaribo', 1),
(3067, 200, 'Saramacca', 1),
(3068, 200, 'Sipaliwini', 1),
(3069, 200, 'Wanica', 1),
(3070, 202, 'Hhohho', 1),
(3071, 202, 'Lubombo', 1),
(3072, 202, 'Manzini', 1),
(3073, 202, 'Shishelweni', 1),
(3074, 203, 'Blekinge', 1),
(3075, 203, 'Dalarna', 1),
(3076, 203, 'G&auml;vleborg', 1),
(3077, 203, 'Gotland', 1),
(3078, 203, 'Halland', 1),
(3079, 203, 'J&auml;mtland', 1),
(3080, 203, 'J&ouml;nk&ouml;ping', 1),
(3081, 203, 'Kalmar', 1),
(3082, 203, 'Kronoberg', 1),
(3083, 203, 'Norrbotten', 1),
(3084, 203, '&Ouml;rebro', 1),
(3085, 203, '&Ouml;sterg&ouml;tland', 1),
(3086, 203, 'Sk&aring;ne', 1),
(3087, 203, 'S&ouml;dermanland', 1),
(3088, 203, 'Stockholm', 1),
(3089, 203, 'Uppsala', 1),
(3090, 203, 'V&auml;rmland', 1),
(3091, 203, 'V&auml;sterbotten', 1),
(3092, 203, 'V&auml;sternorrland', 1),
(3093, 203, 'V&auml;stmanland', 1),
(3094, 203, 'V&auml;stra G&ouml;taland', 1),
(3095, 204, 'Aargau', 1),
(3096, 204, 'Appenzell Ausserrhoden', 1),
(3097, 204, 'Appenzell Innerrhoden', 1),
(3098, 204, 'Basel-Stadt', 1),
(3099, 204, 'Basel-Landschaft', 1),
(3100, 204, 'Bern', 1),
(3101, 204, 'Fribourg', 1),
(3102, 204, 'Gen&egrave;ve', 1),
(3103, 204, 'Glarus', 1),
(3104, 204, 'Graub&uuml;nden', 1),
(3105, 204, 'Jura', 1),
(3106, 204, 'Luzern', 1),
(3107, 204, 'Neuch&acirc;tel', 1),
(3108, 204, 'Nidwald', 1),
(3109, 204, 'Obwald', 1),
(3110, 204, 'St. Gallen', 1),
(3111, 204, 'Schaffhausen', 1),
(3112, 204, 'Schwyz', 1),
(3113, 204, 'Solothurn', 1),
(3114, 204, 'Thurgau', 1),
(3115, 204, 'Ticino', 1),
(3116, 204, 'Uri', 1),
(3117, 204, 'Valais', 1),
(3118, 204, 'Vaud', 1),
(3119, 204, 'Zug', 1),
(3120, 204, 'Z&uuml;rich', 1),
(3121, 205, 'Al Hasakah', 1),
(3122, 205, 'Al Ladhiqiyah', 1),
(3123, 205, 'Al Qunaytirah', 1),
(3124, 205, 'Ar Raqqah', 1),
(3125, 205, 'As Suwayda', 1),
(3126, 205, 'Dara', 1),
(3127, 205, 'Dayr az Zawr', 1),
(3128, 205, 'Dimashq', 1),
(3129, 205, 'Halab', 1),
(3130, 205, 'Hamah', 1),
(3131, 205, 'Hims', 1),
(3132, 205, 'Idlib', 1),
(3133, 205, 'Rif Dimashq', 1),
(3134, 205, 'Tartus', 1),
(3135, 206, 'Chang-hua', 1),
(3136, 206, 'Chia-i', 1),
(3137, 206, 'Hsin-chu', 1),
(3138, 206, 'Hua-lien', 1),
(3139, 206, 'I-lan', 1),
(3140, 206, 'Kao-hsiung county', 1),
(3141, 206, 'Kin-men', 1),
(3142, 206, 'Lien-chiang', 1),
(3143, 206, 'Miao-li', 1),
(3144, 206, 'Nan-t''ou', 1),
(3145, 206, 'P''eng-hu', 1),
(3146, 206, 'P''ing-tung', 1),
(3147, 206, 'T''ai-chung', 1),
(3148, 206, 'T''ai-nan', 1),
(3149, 206, 'T''ai-pei county', 1),
(3150, 206, 'T''ai-tung', 1),
(3151, 206, 'T''ao-yuan', 1),
(3152, 206, 'Yun-lin', 1),
(3153, 206, 'Chia-i city', 1),
(3154, 206, 'Chi-lung', 1),
(3155, 206, 'Hsin-chu', 1),
(3156, 206, 'T''ai-chung', 1),
(3157, 206, 'T''ai-nan', 1),
(3158, 206, 'Kao-hsiung city', 1),
(3159, 206, 'T''ai-pei city', 1),
(3160, 207, 'Gorno-Badakhstan', 1),
(3161, 207, 'Khatlon', 1),
(3162, 207, 'Sughd', 1),
(3163, 208, 'Arusha', 1),
(3164, 208, 'Dar es Salaam', 1),
(3165, 208, 'Dodoma', 1),
(3166, 208, 'Iringa', 1),
(3167, 208, 'Kagera', 1),
(3168, 208, 'Kigoma', 1),
(3169, 208, 'Kilimanjaro', 1),
(3170, 208, 'Lindi', 1),
(3171, 208, 'Manyara', 1),
(3172, 208, 'Mara', 1),
(3173, 208, 'Mbeya', 1),
(3174, 208, 'Morogoro', 1),
(3175, 208, 'Mtwara', 1),
(3176, 208, 'Mwanza', 1),
(3177, 208, 'Pemba North', 1),
(3178, 208, 'Pemba South', 1),
(3179, 208, 'Pwani', 1),
(3180, 208, 'Rukwa', 1),
(3181, 208, 'Ruvuma', 1),
(3182, 208, 'Shinyanga', 1),
(3183, 208, 'Singida', 1),
(3184, 208, 'Tabora', 1),
(3185, 208, 'Tanga', 1),
(3186, 208, 'Zanzibar Central/South', 1),
(3187, 208, 'Zanzibar North', 1),
(3188, 208, 'Zanzibar Urban/West', 1),
(3189, 209, 'Amnat Charoen', 1),
(3190, 209, 'Ang Thong', 1),
(3191, 209, 'Ayutthaya', 1),
(3192, 209, 'Bangkok', 1),
(3193, 209, 'Buriram', 1),
(3194, 209, 'Chachoengsao', 1),
(3195, 209, 'Chai Nat', 1),
(3196, 209, 'Chaiyaphum', 1),
(3197, 209, 'Chanthaburi', 1),
(3198, 209, 'Chiang Mai', 1),
(3199, 209, 'Chiang Rai', 1),
(3200, 209, 'Chon Buri', 1),
(3201, 209, 'Chumphon', 1),
(3202, 209, 'Kalasin', 1),
(3203, 209, 'Kamphaeng Phet', 1),
(3204, 209, 'Kanchanaburi', 1),
(3205, 209, 'Khon Kaen', 1),
(3206, 209, 'Krabi', 1),
(3207, 209, 'Lampang', 1),
(3208, 209, 'Lamphun', 1),
(3209, 209, 'Loei', 1),
(3210, 209, 'Lop Buri', 1),
(3211, 209, 'Mae Hong Son', 1),
(3212, 209, 'Maha Sarakham', 1),
(3213, 209, 'Mukdahan', 1),
(3214, 209, 'Nakhon Nayok', 1),
(3215, 209, 'Nakhon Pathom', 1),
(3216, 209, 'Nakhon Phanom', 1),
(3217, 209, 'Nakhon Ratchasima', 1),
(3218, 209, 'Nakhon Sawan', 1),
(3219, 209, 'Nakhon Si Thammarat', 1),
(3220, 209, 'Nan', 1),
(3221, 209, 'Narathiwat', 1),
(3222, 209, 'Nong Bua Lamphu', 1),
(3223, 209, 'Nong Khai', 1),
(3224, 209, 'Nonthaburi', 1),
(3225, 209, 'Pathum Thani', 1),
(3226, 209, 'Pattani', 1),
(3227, 209, 'Phangnga', 1),
(3228, 209, 'Phatthalung', 1),
(3229, 209, 'Phayao', 1),
(3230, 209, 'Phetchabun', 1),
(3231, 209, 'Phetchaburi', 1),
(3232, 209, 'Phichit', 1),
(3233, 209, 'Phitsanulok', 1),
(3234, 209, 'Phrae', 1),
(3235, 209, 'Phuket', 1),
(3236, 209, 'Prachin Buri', 1),
(3237, 209, 'Prachuap Khiri Khan', 1),
(3238, 209, 'Ranong', 1),
(3239, 209, 'Ratchaburi', 1),
(3240, 209, 'Rayong', 1),
(3241, 209, 'Roi Et', 1),
(3242, 209, 'Sa Kaeo', 1),
(3243, 209, 'Sakon Nakhon', 1),
(3244, 209, 'Samut Prakan', 1),
(3245, 209, 'Samut Sakhon', 1),
(3246, 209, 'Samut Songkhram', 1),
(3247, 209, 'Sara Buri', 1),
(3248, 209, 'Satun', 1),
(3249, 209, 'Sing Buri', 1),
(3250, 209, 'Sisaket', 1),
(3251, 209, 'Songkhla', 1),
(3252, 209, 'Sukhothai', 1),
(3253, 209, 'Suphan Buri', 1),
(3254, 209, 'Surat Thani', 1),
(3255, 209, 'Surin', 1),
(3256, 209, 'Tak', 1),
(3257, 209, 'Trang', 1),
(3258, 209, 'Trat', 1),
(3259, 209, 'Ubon Ratchathani', 1),
(3260, 209, 'Udon Thani', 1),
(3261, 209, 'Uthai Thani', 1),
(3262, 209, 'Uttaradit', 1),
(3263, 209, 'Yala', 1),
(3264, 209, 'Yasothon', 1),
(3265, 210, 'Kara', 1),
(3266, 210, 'Plateaux', 1),
(3267, 210, 'Savanes', 1),
(3268, 210, 'Centrale', 1),
(3269, 210, 'Maritime', 1),
(3270, 211, 'Atafu', 1),
(3271, 211, 'Fakaofo', 1),
(3272, 211, 'Nukunonu', 1),
(3273, 212, 'Ha''apai', 1),
(3274, 212, 'Tongatapu', 1),
(3275, 212, 'Vava''u', 1),
(3276, 213, 'Couva/Tabaquite/Talparo', 1),
(3277, 213, 'Diego Martin', 1),
(3278, 213, 'Mayaro/Rio Claro', 1),
(3279, 213, 'Penal/Debe', 1),
(3280, 213, 'Princes Town', 1),
(3281, 213, 'Sangre Grande', 1),
(3282, 213, 'San Juan/Laventille', 1),
(3283, 213, 'Siparia', 1),
(3284, 213, 'Tunapuna/Piarco', 1),
(3285, 213, 'Port of Spain', 1),
(3286, 213, 'San Fernando', 1),
(3287, 213, 'Arima', 1),
(3288, 213, 'Point Fortin', 1),
(3289, 213, 'Chaguanas', 1),
(3290, 213, 'Tobago', 1),
(3291, 214, 'Ariana', 1),
(3292, 214, 'Beja', 1),
(3293, 214, 'Ben Arous', 1),
(3294, 214, 'Bizerte', 1),
(3295, 214, 'Gabes', 1),
(3296, 214, 'Gafsa', 1),
(3297, 214, 'Jendouba', 1),
(3298, 214, 'Kairouan', 1),
(3299, 214, 'Kasserine', 1),
(3300, 214, 'Kebili', 1),
(3301, 214, 'Kef', 1),
(3302, 214, 'Mahdia', 1),
(3303, 214, 'Manouba', 1),
(3304, 214, 'Medenine', 1),
(3305, 214, 'Monastir', 1),
(3306, 214, 'Nabeul', 1),
(3307, 214, 'Sfax', 1),
(3308, 214, 'Sidi', 1),
(3309, 214, 'Siliana', 1),
(3310, 214, 'Sousse', 1),
(3311, 214, 'Tataouine', 1),
(3312, 214, 'Tozeur', 1),
(3313, 214, 'Tunis', 1),
(3314, 214, 'Zaghouan', 1),
(3315, 215, 'Adana', 1),
(3316, 215, 'Ad?yaman', 1),
(3317, 215, 'Afyonkarahisar', 1),
(3318, 215, 'A?r?', 1),
(3319, 215, 'Aksaray', 1),
(3320, 215, 'Amasya', 1),
(3321, 215, 'Ankara', 1),
(3322, 215, 'Antalya', 1),
(3323, 215, 'Ardahan', 1),
(3324, 215, 'Artvin', 1),
(3325, 215, 'Ayd?n', 1),
(3326, 215, 'Bal?kesir', 1),
(3327, 215, 'Bart?n', 1),
(3328, 215, 'Batman', 1),
(3329, 215, 'Bayburt', 1),
(3330, 215, 'Bilecik', 1),
(3331, 215, 'Bingöl', 1),
(3332, 215, 'Bitlis', 1),
(3333, 215, 'Bolu', 1),
(3334, 215, 'Burdur', 1),
(3335, 215, 'Bursa', 1),
(3336, 215, 'Çanakkale', 1),
(3337, 215, 'Çank?r?', 1),
(3338, 215, 'Çorum', 1),
(3339, 215, 'Denizli', 1),
(3340, 215, 'Diyarbak?r', 1),
(3341, 215, 'Düzce', 1),
(3342, 215, 'Edirne', 1),
(3343, 215, 'Elaz??', 1),
(3344, 215, 'Erzincan', 1),
(3345, 215, 'Erzurum', 1),
(3346, 215, 'Eski?ehir', 1),
(3347, 215, 'Gaziantep', 1),
(3348, 215, 'Giresun', 1),
(3349, 215, 'Gümü?hane', 1),
(3350, 215, 'Hakkari', 1),
(3351, 215, 'Hatay', 1),
(3352, 215, 'I?d?r', 1),
(3353, 215, 'Isparta', 1),
(3354, 215, '?stanbul', 1),
(3355, 215, '?zmir', 1),
(3356, 215, 'Kahramanmara?', 1),
(3357, 215, 'Karabük', 1),
(3358, 215, 'Karaman', 1),
(3359, 215, 'Kars', 1),
(3360, 215, 'Kastamonu', 1),
(3361, 215, 'Kayseri', 1),
(3362, 215, 'Kilis', 1),
(3363, 215, 'K?r?kkale', 1),
(3364, 215, 'K?rklareli', 1),
(3365, 215, 'K?r?ehir', 1),
(3366, 215, 'Kocaeli', 1),
(3367, 215, 'Konya', 1),
(3368, 215, 'Kütahya', 1),
(3369, 215, 'Malatya', 1),
(3370, 215, 'Manisa', 1),
(3371, 215, 'Mardin', 1),
(3372, 215, 'Mersin', 1),
(3373, 215, 'Mu?la', 1),
(3374, 215, 'Mu?', 1),
(3375, 215, 'Nev?ehir', 1),
(3376, 215, 'Ni?de', 1),
(3377, 215, 'Ordu', 1),
(3378, 215, 'Osmaniye', 1),
(3379, 215, 'Rize', 1),
(3380, 215, 'Sakarya', 1),
(3381, 215, 'Samsun', 1),
(3382, 215, '?anl?urfa', 1),
(3383, 215, 'Siirt', 1),
(3384, 215, 'Sinop', 1),
(3385, 215, '??rnak', 1),
(3386, 215, 'Sivas', 1),
(3387, 215, 'Tekirda?', 1),
(3388, 215, 'Tokat', 1),
(3389, 215, 'Trabzon', 1),
(3390, 215, 'Tunceli', 1),
(3391, 215, 'U?ak', 1),
(3392, 215, 'Van', 1),
(3393, 215, 'Yalova', 1),
(3394, 215, 'Yozgat', 1),
(3395, 215, 'Zonguldak', 1),
(3396, 216, 'Ahal Welayaty', 1),
(3397, 216, 'Balkan Welayaty', 1),
(3398, 216, 'Dashhowuz Welayaty', 1),
(3399, 216, 'Lebap Welayaty', 1),
(3400, 216, 'Mary Welayaty', 1),
(3401, 217, 'Ambergris Cays', 1),
(3402, 217, 'Dellis Cay', 1),
(3403, 217, 'French Cay', 1),
(3404, 217, 'Little Water Cay', 1),
(3405, 217, 'Parrot Cay', 1),
(3406, 217, 'Pine Cay', 1),
(3407, 217, 'Salt Cay', 1),
(3408, 217, 'Grand Turk', 1),
(3409, 217, 'South Caicos', 1),
(3410, 217, 'East Caicos', 1),
(3411, 217, 'Middle Caicos', 1),
(3412, 217, 'North Caicos', 1),
(3413, 217, 'Providenciales', 1),
(3414, 217, 'West Caicos', 1),
(3415, 218, 'Nanumanga', 1),
(3416, 218, 'Niulakita', 1),
(3417, 218, 'Niutao', 1),
(3418, 218, 'Funafuti', 1),
(3419, 218, 'Nanumea', 1),
(3420, 218, 'Nui', 1),
(3421, 218, 'Nukufetau', 1),
(3422, 218, 'Nukulaelae', 1),
(3423, 218, 'Vaitupu', 1),
(3424, 219, 'Kalangala', 1),
(3425, 219, 'Kampala', 1),
(3426, 219, 'Kayunga', 1),
(3427, 219, 'Kiboga', 1),
(3428, 219, 'Luwero', 1),
(3429, 219, 'Masaka', 1),
(3430, 219, 'Mpigi', 1),
(3431, 219, 'Mubende', 1),
(3432, 219, 'Mukono', 1),
(3433, 219, 'Nakasongola', 1),
(3434, 219, 'Rakai', 1),
(3435, 219, 'Sembabule', 1),
(3436, 219, 'Wakiso', 1),
(3437, 219, 'Bugiri', 1),
(3438, 219, 'Busia', 1),
(3439, 219, 'Iganga', 1),
(3440, 219, 'Jinja', 1),
(3441, 219, 'Kaberamaido', 1),
(3442, 219, 'Kamuli', 1),
(3443, 219, 'Kapchorwa', 1),
(3444, 219, 'Katakwi', 1),
(3445, 219, 'Kumi', 1),
(3446, 219, 'Mayuge', 1),
(3447, 219, 'Mbale', 1),
(3448, 219, 'Pallisa', 1),
(3449, 219, 'Sironko', 1),
(3450, 219, 'Soroti', 1),
(3451, 219, 'Tororo', 1),
(3452, 219, 'Adjumani', 1),
(3453, 219, 'Apac', 1),
(3454, 219, 'Arua', 1),
(3455, 219, 'Gulu', 1),
(3456, 219, 'Kitgum', 1),
(3457, 219, 'Kotido', 1),
(3458, 219, 'Lira', 1),
(3459, 219, 'Moroto', 1),
(3460, 219, 'Moyo', 1),
(3461, 219, 'Nakapiripirit', 1),
(3462, 219, 'Nebbi', 1),
(3463, 219, 'Pader', 1),
(3464, 219, 'Yumbe', 1),
(3465, 219, 'Bundibugyo', 1),
(3466, 219, 'Bushenyi', 1),
(3467, 219, 'Hoima', 1),
(3468, 219, 'Kabale', 1),
(3469, 219, 'Kabarole', 1),
(3470, 219, 'Kamwenge', 1),
(3471, 219, 'Kanungu', 1),
(3472, 219, 'Kasese', 1),
(3473, 219, 'Kibaale', 1),
(3474, 219, 'Kisoro', 1),
(3475, 219, 'Kyenjojo', 1),
(3476, 219, 'Masindi', 1),
(3477, 219, 'Mbarara', 1),
(3478, 219, 'Ntungamo', 1),
(3479, 219, 'Rukungiri', 1),
(3480, 220, 'Cherkas''ka Oblast''', 1),
(3481, 220, 'Chernihivs''ka Oblast''', 1),
(3482, 220, 'Chernivets''ka Oblast''', 1),
(3483, 220, 'Crimea', 1),
(3484, 220, 'Dnipropetrovs''ka Oblast''', 1),
(3485, 220, 'Donets''ka Oblast''', 1),
(3486, 220, 'Ivano-Frankivs''ka Oblast''', 1),
(3487, 220, 'Khersons''ka Oblast''', 1),
(3488, 220, 'Khmel''nyts''ka Oblast''', 1),
(3489, 220, 'Kirovohrads''ka Oblast''', 1),
(3490, 220, 'Kyiv', 1),
(3491, 220, 'Kyivs''ka Oblast''', 1),
(3492, 220, 'Luhans''ka Oblast''', 1),
(3493, 220, 'L''vivs''ka Oblast''', 1),
(3494, 220, 'Mykolayivs''ka Oblast''', 1),
(3495, 220, 'Odes''ka Oblast''', 1),
(3496, 220, 'Poltavs''ka Oblast''', 1),
(3497, 220, 'Rivnens''ka Oblast''', 1),
(3498, 220, 'Sevastopol''', 1),
(3499, 220, 'Sums''ka Oblast''', 1),
(3500, 220, 'Ternopil''s''ka Oblast''', 1),
(3501, 220, 'Vinnyts''ka Oblast''', 1),
(3502, 220, 'Volyns''ka Oblast''', 1),
(3503, 220, 'Zakarpats''ka Oblast''', 1),
(3504, 220, 'Zaporiz''ka Oblast''', 1),
(3505, 220, 'Zhytomyrs''ka oblast''', 1),
(3506, 221, 'Abu Zaby', 1),
(3507, 221, '''Ajman', 1),
(3508, 221, 'Al Fujayrah', 1),
(3509, 221, 'Ash Shariqah', 1),
(3510, 221, 'Dubayy', 1),
(3511, 221, 'R''as al Khaymah', 1),
(3512, 221, 'Umm al Qaywayn', 1),
(3513, 222, 'Aberdeen', 1),
(3514, 222, 'Aberdeenshire', 1),
(3515, 222, 'Anglesey', 1),
(3516, 222, 'Angus', 1),
(3517, 222, 'Argyll and Bute', 1),
(3518, 222, 'Bedfordshire', 1),
(3519, 222, 'Berkshire', 1),
(3520, 222, 'Blaenau Gwent', 1),
(3521, 222, 'Bridgend', 1),
(3522, 222, 'Bristol', 1),
(3523, 222, 'Buckinghamshire', 1),
(3524, 222, 'Caerphilly', 1),
(3525, 222, 'Cambridgeshire', 1),
(3526, 222, 'Cardiff', 1),
(3527, 222, 'Carmarthenshire', 1),
(3528, 222, 'Ceredigion', 1),
(3529, 222, 'Cheshire', 1),
(3530, 222, 'Clackmannanshire', 1),
(3531, 222, 'Conwy', 1),
(3532, 222, 'Cornwall', 1),
(3533, 222, 'Denbighshire', 1),
(3534, 222, 'Derbyshire', 1),
(3535, 222, 'Devon', 1),
(3536, 222, 'Dorset', 1),
(3537, 222, 'Dumfries and Galloway', 1),
(3538, 222, 'Dundee', 1),
(3539, 222, 'Durham', 1),
(3540, 222, 'East Ayrshire', 1),
(3541, 222, 'East Dunbartonshire', 1),
(3542, 222, 'East Lothian', 1),
(3543, 222, 'East Renfrewshire', 1),
(3544, 222, 'East Riding of Yorkshire', 1),
(3545, 222, 'East Sussex', 1),
(3546, 222, 'Edinburgh', 1),
(3547, 222, 'Essex', 1),
(3548, 222, 'Falkirk', 1),
(3549, 222, 'Fife', 1),
(3550, 222, 'Flintshire', 1),
(3551, 222, 'Glasgow', 1),
(3552, 222, 'Gloucestershire', 1),
(3553, 222, 'Greater London', 1),
(3554, 222, 'Greater Manchester', 1),
(3555, 222, 'Gwynedd', 1),
(3556, 222, 'Hampshire', 1),
(3557, 222, 'Herefordshire', 1),
(3558, 222, 'Hertfordshire', 1),
(3559, 222, 'Highlands', 1),
(3560, 222, 'Inverclyde', 1),
(3561, 222, 'Isle of Wight', 1),
(3562, 222, 'Kent', 1),
(3563, 222, 'Lancashire', 1),
(3564, 222, 'Leicestershire', 1),
(3565, 222, 'Lincolnshire', 1),
(3566, 222, 'Merseyside', 1),
(3567, 222, 'Merthyr Tydfil', 1),
(3568, 222, 'Midlothian', 1),
(3569, 222, 'Monmouthshire', 1),
(3570, 222, 'Moray', 1),
(3571, 222, 'Neath Port Talbot', 1),
(3572, 222, 'Newport', 1),
(3573, 222, 'Norfolk', 1),
(3574, 222, 'North Ayrshire', 1),
(3575, 222, 'North Lanarkshire', 1),
(3576, 222, 'North Yorkshire', 1),
(3577, 222, 'Northamptonshire', 1),
(3578, 222, 'Northumberland', 1),
(3579, 222, 'Nottinghamshire', 1),
(3580, 222, 'Orkney Islands', 1),
(3581, 222, 'Oxfordshire', 1),
(3582, 222, 'Pembrokeshire', 1),
(3583, 222, 'Perth and Kinross', 1),
(3584, 222, 'Powys', 1),
(3585, 222, 'Renfrewshire', 1),
(3586, 222, 'Rhondda Cynon Taff', 1),
(3587, 222, 'Rutland', 1),
(3588, 222, 'Scottish Borders', 1),
(3589, 222, 'Shetland Islands', 1),
(3590, 222, 'Shropshire', 1),
(3591, 222, 'Somerset', 1),
(3592, 222, 'South Ayrshire', 1),
(3593, 222, 'South Lanarkshire', 1),
(3594, 222, 'South Yorkshire', 1),
(3595, 222, 'Staffordshire', 1),
(3596, 222, 'Stirling', 1),
(3597, 222, 'Suffolk', 1),
(3598, 222, 'Surrey', 1),
(3599, 222, 'Swansea', 1),
(3600, 222, 'Torfaen', 1),
(3601, 222, 'Tyne and Wear', 1),
(3602, 222, 'Vale of Glamorgan', 1),
(3603, 222, 'Warwickshire', 1),
(3604, 222, 'West Dunbartonshire', 1),
(3605, 222, 'West Lothian', 1),
(3606, 222, 'West Midlands', 1),
(3607, 222, 'West Sussex', 1),
(3608, 222, 'West Yorkshire', 1),
(3609, 222, 'Western Isles', 1),
(3610, 222, 'Wiltshire', 1),
(3611, 222, 'Worcestershire', 1),
(3612, 222, 'Wrexham', 1),
(3613, 223, 'Alabama', 1),
(3614, 223, 'Alaska', 1),
(3615, 223, 'American Samoa', 1),
(3616, 223, 'Arizona', 1),
(3617, 223, 'Arkansas', 1),
(3618, 223, 'Armed Forces Africa', 1),
(3619, 223, 'Armed Forces Americas', 1),
(3620, 223, 'Armed Forces Canada', 1),
(3621, 223, 'Armed Forces Europe', 1),
(3622, 223, 'Armed Forces Middle East', 1),
(3623, 223, 'Armed Forces Pacific', 1),
(3624, 223, 'California', 1),
(3625, 223, 'Colorado', 1),
(3626, 223, 'Connecticut', 1),
(3627, 223, 'Delaware', 1),
(3628, 223, 'District of Columbia', 1),
(3629, 223, 'Federated States Of Micronesia', 1),
(3630, 223, 'Florida', 1),
(3631, 223, 'Georgia', 1),
(3632, 223, 'Guam', 1),
(3633, 223, 'Hawaii', 1),
(3634, 223, 'Idaho', 1),
(3635, 223, 'Illinois', 1),
(3636, 223, 'Indiana', 1),
(3637, 223, 'Iowa', 1),
(3638, 223, 'Kansas', 1),
(3639, 223, 'Kentucky', 1),
(3640, 223, 'Louisiana', 1),
(3641, 223, 'Maine', 1),
(3642, 223, 'Marshall Islands', 1),
(3643, 223, 'Maryland', 1),
(3644, 223, 'Massachusetts', 1),
(3645, 223, 'Michigan', 1),
(3646, 223, 'Minnesota', 1),
(3647, 223, 'Mississippi', 1),
(3648, 223, 'Missouri', 1),
(3649, 223, 'Montana', 1),
(3650, 223, 'Nebraska', 1),
(3651, 223, 'Nevada', 1),
(3652, 223, 'New Hampshire', 1),
(3653, 223, 'New Jersey', 1),
(3654, 223, 'New Mexico', 1),
(3655, 223, 'New York', 1),
(3656, 223, 'North Carolina', 1),
(3657, 223, 'North Dakota', 1),
(3658, 223, 'Northern Mariana Islands', 1),
(3659, 223, 'Ohio', 1),
(3660, 223, 'Oklahoma', 1),
(3661, 223, 'Oregon', 1),
(3662, 223, 'Palau', 1),
(3663, 223, 'Pennsylvania', 1),
(3664, 223, 'Puerto Rico', 1),
(3665, 223, 'Rhode Island', 1),
(3666, 223, 'South Carolina', 1),
(3667, 223, 'South Dakota', 1),
(3668, 223, 'Tennessee', 1),
(3669, 223, 'Texas', 1),
(3670, 223, 'Utah', 1),
(3671, 223, 'Vermont', 1),
(3672, 223, 'Virgin Islands', 1),
(3673, 223, 'Virginia', 1),
(3674, 223, 'Washington', 1),
(3675, 223, 'West Virginia', 1),
(3676, 223, 'Wisconsin', 1),
(3677, 223, 'Wyoming', 1),
(3678, 224, 'Baker Island', 1),
(3679, 224, 'Howland Island', 1),
(3680, 224, 'Jarvis Island', 1),
(3681, 224, 'Johnston Atoll', 1),
(3682, 224, 'Kingman Reef', 1),
(3683, 224, 'Midway Atoll', 1),
(3684, 224, 'Navassa Island', 1),
(3685, 224, 'Palmyra Atoll', 1),
(3686, 224, 'Wake Island', 1),
(3687, 225, 'Artigas', 1),
(3688, 225, 'Canelones', 1),
(3689, 225, 'Cerro Largo', 1),
(3690, 225, 'Colonia', 1),
(3691, 225, 'Durazno', 1),
(3692, 225, 'Flores', 1),
(3693, 225, 'Florida', 1),
(3694, 225, 'Lavalleja', 1),
(3695, 225, 'Maldonado', 1),
(3696, 225, 'Montevideo', 1),
(3697, 225, 'Paysandu', 1),
(3698, 225, 'Rio Negro', 1),
(3699, 225, 'Rivera', 1),
(3700, 225, 'Rocha', 1),
(3701, 225, 'Salto', 1),
(3702, 225, 'San Jose', 1),
(3703, 225, 'Soriano', 1),
(3704, 225, 'Tacuarembo', 1),
(3705, 225, 'Treinta y Tres', 1),
(3706, 226, 'Andijon', 1),
(3707, 226, 'Buxoro', 1),
(3708, 226, 'Farg''ona', 1),
(3709, 226, 'Jizzax', 1),
(3710, 226, 'Namangan', 1),
(3711, 226, 'Navoiy', 1),
(3712, 226, 'Qashqadaryo', 1),
(3713, 226, 'Qoraqalpog''iston Republikasi', 1),
(3714, 226, 'Samarqand', 1),
(3715, 226, 'Sirdaryo', 1),
(3716, 226, 'Surxondaryo', 1),
(3717, 226, 'Toshkent City', 1),
(3718, 226, 'Toshkent Region', 1),
(3719, 226, 'Xorazm', 1),
(3720, 227, 'Malampa', 1),
(3721, 227, 'Penama', 1),
(3722, 227, 'Sanma', 1),
(3723, 227, 'Shefa', 1),
(3724, 227, 'Tafea', 1),
(3725, 227, 'Torba', 1),
(3726, 229, 'Amazonas', 1),
(3727, 229, 'Anzoategui', 1),
(3728, 229, 'Apure', 1),
(3729, 229, 'Aragua', 1),
(3730, 229, 'Barinas', 1),
(3731, 229, 'Bolivar', 1),
(3732, 229, 'Carabobo', 1),
(3733, 229, 'Cojedes', 1),
(3734, 229, 'Delta Amacuro', 1),
(3735, 229, 'Dependencias Federales', 1),
(3736, 229, 'Distrito Federal', 1),
(3737, 229, 'Falcon', 1),
(3738, 229, 'Guarico', 1),
(3739, 229, 'Lara', 1),
(3740, 229, 'Merida', 1),
(3741, 229, 'Miranda', 1),
(3742, 229, 'Monagas', 1),
(3743, 229, 'Nueva Esparta', 1),
(3744, 229, 'Portuguesa', 1),
(3745, 229, 'Sucre', 1),
(3746, 229, 'Tachira', 1),
(3747, 229, 'Trujillo', 1),
(3748, 229, 'Vargas', 1),
(3749, 229, 'Yaracuy', 1),
(3750, 229, 'Zulia', 1),
(3751, 230, 'An Giang', 1),
(3752, 230, 'Bac Giang', 1),
(3753, 230, 'Bac Kan', 1),
(3754, 230, 'Bac Lieu', 1),
(3755, 230, 'Bac Ninh', 1),
(3756, 230, 'Ba Ria-Vung Tau', 1),
(3757, 230, 'Ben Tre', 1),
(3758, 230, 'Binh Dinh', 1),
(3759, 230, 'Binh Duong', 1),
(3760, 230, 'Binh Phuoc', 1),
(3761, 230, 'Binh Thuan', 1),
(3762, 230, 'Ca Mau', 1),
(3763, 230, 'Can Tho', 1),
(3764, 230, 'Cao Bang', 1),
(3765, 230, 'Dak Lak', 1),
(3766, 230, 'Dak Nong', 1),
(3767, 230, 'Da Nang', 1),
(3768, 230, 'Dien Bien', 1),
(3769, 230, 'Dong Nai', 1),
(3770, 230, 'Dong Thap', 1),
(3771, 230, 'Gia Lai', 1),
(3772, 230, 'Ha Giang', 1),
(3773, 230, 'Hai Duong', 1),
(3774, 230, 'Hai Phong', 1),
(3775, 230, 'Ha Nam', 1),
(3776, 230, 'Ha Noi', 1),
(3777, 230, 'Ha Tay', 1),
(3778, 230, 'Ha Tinh', 1),
(3779, 230, 'Hoa Binh', 1),
(3780, 230, 'Ho Chi Minh City', 1),
(3781, 230, 'Hau Giang', 1),
(3782, 230, 'Hung Yen', 1),
(3783, 232, 'Saint Croix', 1),
(3784, 232, 'Saint John', 1),
(3785, 232, 'Saint Thomas', 1),
(3786, 233, 'Alo', 1),
(3787, 233, 'Sigave', 1),
(3788, 233, 'Wallis', 1),
(3789, 235, 'Abyan', 1),
(3790, 235, 'Adan', 1),
(3791, 235, 'Amran', 1),
(3792, 235, 'Al Bayda', 1),
(3793, 235, 'Ad Dali', 1),
(3794, 235, 'Dhamar', 1),
(3795, 235, 'Hadramawt', 1),
(3796, 235, 'Hajjah', 1),
(3797, 235, 'Al Hudaydah', 1),
(3798, 235, 'Ibb', 1),
(3799, 235, 'Al Jawf', 1),
(3800, 235, 'Lahij', 1),
(3801, 235, 'Ma''rib', 1),
(3802, 235, 'Al Mahrah', 1),
(3803, 235, 'Al Mahwit', 1),
(3804, 235, 'Sa''dah', 1),
(3805, 235, 'San''a', 1),
(3806, 235, 'Shabwah', 1),
(3807, 235, 'Ta''izz', 1),
(3812, 237, 'Bas-Congo', 1),
(3813, 237, 'Bandundu', 1),
(3814, 237, 'Equateur', 1),
(3815, 237, 'Katanga', 1),
(3816, 237, 'Kasai-Oriental', 1),
(3817, 237, 'Kinshasa', 1),
(3818, 237, 'Kasai-Occidental', 1),
(3819, 237, 'Maniema', 1),
(3820, 237, 'Nord-Kivu', 1),
(3821, 237, 'Orientale', 1),
(3822, 237, 'Sud-Kivu', 1),
(3823, 238, 'Central', 1),
(3824, 238, 'Copperbelt', 1),
(3825, 238, 'Eastern', 1),
(3826, 238, 'Luapula', 1),
(3827, 238, 'Lusaka', 1),
(3828, 238, 'Northern', 1),
(3829, 238, 'North-Western', 1),
(3830, 238, 'Southern', 1),
(3831, 238, 'Western', 1),
(3832, 239, 'Bulawayo', 1),
(3833, 239, 'Harare', 1),
(3834, 239, 'Manicaland', 1),
(3835, 239, 'Mashonaland Central', 1),
(3836, 239, 'Mashonaland East', 1),
(3837, 239, 'Mashonaland West', 1),
(3838, 239, 'Masvingo', 1),
(3839, 239, 'Matabeleland North', 1),
(3840, 239, 'Matabeleland South', 1),
(3841, 239, 'Midlands', 1),
(3842, 105, 'Agrigento', 1),
(3843, 105, 'Alessandria', 1),
(3844, 105, 'Ancona', 1),
(3845, 105, 'Aosta', 1),
(3846, 105, 'Arezzo', 1),
(3847, 105, 'Ascoli Piceno', 1),
(3848, 105, 'Asti', 1);
INSERT INTO `city` (`zone_id`, `country_id`, `name`, `status`) VALUES
(3849, 105, 'Avellino', 1),
(3850, 105, 'Bari', 1),
(3851, 105, 'Belluno', 1),
(3852, 105, 'Benevento', 1),
(3853, 105, 'Bergamo', 1),
(3854, 105, 'Biella', 1),
(3855, 105, 'Bologna', 1),
(3856, 105, 'Bolzano', 1),
(3857, 105, 'Brescia', 1),
(3858, 105, 'Brindisi', 1),
(3859, 105, 'Cagliari', 1),
(3860, 105, 'Caltanissetta', 1),
(3861, 105, 'Campobasso', 1),
(3862, 105, 'Carbonia-Iglesias', 1),
(3863, 105, 'Caserta', 1),
(3864, 105, 'Catania', 1),
(3865, 105, 'Catanzaro', 1),
(3866, 105, 'Chieti', 1),
(3867, 105, 'Como', 1),
(3868, 105, 'Cosenza', 1),
(3869, 105, 'Cremona', 1),
(3870, 105, 'Crotone', 1),
(3871, 105, 'Cuneo', 1),
(3872, 105, 'Enna', 1),
(3873, 105, 'Ferrara', 1),
(3874, 105, 'Firenze', 1),
(3875, 105, 'Foggia', 1),
(3876, 105, 'Forli-Cesena', 1),
(3877, 105, 'Frosinone', 1),
(3878, 105, 'Genova', 1),
(3879, 105, 'Gorizia', 1),
(3880, 105, 'Grosseto', 1),
(3881, 105, 'Imperia', 1),
(3882, 105, 'Isernia', 1),
(3883, 105, 'L&#39;Aquila', 1),
(3884, 105, 'La Spezia', 1),
(3885, 105, 'Latina', 1),
(3886, 105, 'Lecce', 1),
(3887, 105, 'Lecco', 1),
(3888, 105, 'Livorno', 1),
(3889, 105, 'Lodi', 1),
(3890, 105, 'Lucca', 1),
(3891, 105, 'Macerata', 1),
(3892, 105, 'Mantova', 1),
(3893, 105, 'Massa-Carrara', 1),
(3894, 105, 'Matera', 1),
(3895, 105, 'Medio Campidano', 1),
(3896, 105, 'Messina', 1),
(3897, 105, 'Milano', 1),
(3898, 105, 'Modena', 1),
(3899, 105, 'Napoli', 1),
(3900, 105, 'Novara', 1),
(3901, 105, 'Nuoro', 1),
(3902, 105, 'Ogliastra', 1),
(3903, 105, 'Olbia-Tempio', 1),
(3904, 105, 'Oristano', 1),
(3905, 105, 'Padova', 1),
(3906, 105, 'Palermo', 1),
(3907, 105, 'Parma', 1),
(3908, 105, 'Pavia', 1),
(3909, 105, 'Perugia', 1),
(3910, 105, 'Pesaro e Urbino', 1),
(3911, 105, 'Pescara', 1),
(3912, 105, 'Piacenza', 1),
(3913, 105, 'Pisa', 1),
(3914, 105, 'Pistoia', 1),
(3915, 105, 'Pordenone', 1),
(3916, 105, 'Potenza', 1),
(3917, 105, 'Prato', 1),
(3918, 105, 'Ragusa', 1),
(3919, 105, 'Ravenna', 1),
(3920, 105, 'Reggio Calabria', 1),
(3921, 105, 'Reggio Emilia', 1),
(3922, 105, 'Rieti', 1),
(3923, 105, 'Rimini', 1),
(3924, 105, 'Roma', 1),
(3925, 105, 'Rovigo', 1),
(3926, 105, 'Salerno', 1),
(3927, 105, 'Sassari', 1),
(3928, 105, 'Savona', 1),
(3929, 105, 'Siena', 1),
(3930, 105, 'Siracusa', 1),
(3931, 105, 'Sondrio', 1),
(3932, 105, 'Taranto', 1),
(3933, 105, 'Teramo', 1),
(3934, 105, 'Terni', 1),
(3935, 105, 'Torino', 1),
(3936, 105, 'Trapani', 1),
(3937, 105, 'Trento', 1),
(3938, 105, 'Treviso', 1),
(3939, 105, 'Trieste', 1),
(3940, 105, 'Udine', 1),
(3941, 105, 'Varese', 1),
(3942, 105, 'Venezia', 1),
(3943, 105, 'Verbano-Cusio-Ossola', 1),
(3944, 105, 'Vercelli', 1),
(3945, 105, 'Verona', 1),
(3946, 105, 'Vibo Valentia', 1),
(3947, 105, 'Vicenza', 1),
(3948, 105, 'Viterbo', 1),
(3949, 222, 'County Antrim', 1),
(3950, 222, 'County Armagh', 1),
(3951, 222, 'County Down', 1),
(3952, 222, 'County Fermanagh', 1),
(3953, 222, 'County Londonderry', 1),
(3954, 222, 'County Tyrone', 1),
(3955, 222, 'Cumbria', 1),
(3956, 190, 'Pomurska', 1),
(3957, 190, 'Podravska', 1),
(3958, 190, 'Koroška', 1),
(3959, 190, 'Savinjska', 1),
(3960, 190, 'Zasavska', 1),
(3961, 190, 'Spodnjeposavska', 1),
(3962, 190, 'Jugovzhodna Slovenija', 1),
(3963, 190, 'Osrednjeslovenska', 1),
(3964, 190, 'Gorenjska', 1),
(3965, 190, 'Notranjsko-kraška', 1),
(3966, 190, 'Goriška', 1),
(3967, 190, 'Obalno-kraška', 1),
(3968, 33, 'Ruse', 1),
(3969, 101, 'Alborz', 1),
(3970, 21, 'Brussels-Capital Region', 1),
(3971, 138, 'Aguascalientes', 1),
(3973, 242, 'Andrijevica', 1),
(3974, 242, 'Bar', 1),
(3975, 242, 'Berane', 1),
(3976, 242, 'Bijelo Polje', 1),
(3977, 242, 'Budva', 1),
(3978, 242, 'Cetinje', 1),
(3979, 242, 'Danilovgrad', 1),
(3980, 242, 'Herceg-Novi', 1),
(3981, 242, 'Kolašin', 1),
(3982, 242, 'Kotor', 1),
(3983, 242, 'Mojkovac', 1),
(3984, 242, 'Nikši?', 1),
(3985, 242, 'Plav', 1),
(3986, 242, 'Pljevlja', 1),
(3987, 242, 'Plužine', 1),
(3988, 242, 'Podgorica', 1),
(3989, 242, 'Rožaje', 1),
(3990, 242, 'Šavnik', 1),
(3991, 242, 'Tivat', 1),
(3992, 242, 'Ulcinj', 1),
(3993, 242, 'Žabljak', 1),
(3994, 243, 'Belgrade', 1),
(3995, 243, 'North Ba?ka', 1),
(3996, 243, 'Central Banat', 1),
(3997, 243, 'North Banat', 1),
(3998, 243, 'South Banat', 1),
(3999, 243, 'West Ba?ka', 1),
(4000, 243, 'South Ba?ka', 1),
(4001, 243, 'Srem', 1),
(4002, 243, 'Ma?va', 1),
(4003, 243, 'Kolubara', 1),
(4004, 243, 'Podunavlje', 1),
(4005, 243, 'Brani?evo', 1),
(4006, 243, 'Šumadija', 1),
(4007, 243, 'Pomoravlje', 1),
(4008, 243, 'Bor', 1),
(4009, 243, 'Zaje?ar', 1),
(4010, 243, 'Zlatibor', 1),
(4011, 243, 'Moravica', 1),
(4012, 243, 'Raška', 1),
(4013, 243, 'Rasina', 1),
(4014, 243, 'Nišava', 1),
(4015, 243, 'Toplica', 1),
(4016, 243, 'Pirot', 1),
(4017, 243, 'Jablanica', 1),
(4018, 243, 'P?inja', 1),
(4020, 245, 'Bonaire', 1),
(4021, 245, 'Saba', 1),
(4022, 245, 'Sint Eustatius', 1),
(4023, 248, 'Central Equatoria', 1),
(4024, 248, 'Eastern Equatoria', 1),
(4025, 248, 'Jonglei', 1),
(4026, 248, 'Lakes', 1),
(4027, 248, 'Northern Bahr el-Ghazal', 1),
(4028, 248, 'Unity', 1),
(4029, 248, 'Upper Nile', 1),
(4030, 248, 'Warrap', 1),
(4031, 248, 'Western Bahr el-Ghazal', 1),
(4032, 248, 'Western Equatoria', 1),
(4035, 129, 'Putrajaya', 1),
(4036, 117, 'Ainaži, Salacgr?vas novads', 1),
(4037, 117, 'Aizkraukle, Aizkraukles novads', 1),
(4038, 117, 'Aizkraukles novads', 1),
(4039, 117, 'Aizpute, Aizputes novads', 1),
(4040, 117, 'Aizputes novads', 1),
(4041, 117, 'Akn?ste, Akn?stes novads', 1),
(4042, 117, 'Akn?stes novads', 1),
(4043, 117, 'Aloja, Alojas novads', 1),
(4044, 117, 'Alojas novads', 1),
(4045, 117, 'Alsungas novads', 1),
(4046, 117, 'Al?ksne, Al?ksnes novads', 1),
(4047, 117, 'Al?ksnes novads', 1),
(4048, 117, 'Amatas novads', 1),
(4049, 117, 'Ape, Apes novads', 1),
(4050, 117, 'Apes novads', 1),
(4051, 117, 'Auce, Auces novads', 1),
(4052, 117, 'Auces novads', 1),
(4053, 117, '?dažu novads', 1),
(4054, 117, 'Bab?tes novads', 1),
(4055, 117, 'Baldone, Baldones novads', 1),
(4056, 117, 'Baldones novads', 1),
(4057, 117, 'Baloži, ?ekavas novads', 1),
(4058, 117, 'Baltinavas novads', 1),
(4059, 117, 'Balvi, Balvu novads', 1),
(4060, 117, 'Balvu novads', 1),
(4061, 117, 'Bauska, Bauskas novads', 1),
(4062, 117, 'Bauskas novads', 1),
(4063, 117, 'Bever?nas novads', 1),
(4064, 117, 'Broc?ni, Broc?nu novads', 1),
(4065, 117, 'Broc?nu novads', 1),
(4066, 117, 'Burtnieku novads', 1),
(4067, 117, 'Carnikavas novads', 1),
(4068, 117, 'Cesvaine, Cesvaines novads', 1),
(4069, 117, 'Cesvaines novads', 1),
(4070, 117, 'C?sis, C?su novads', 1),
(4071, 117, 'C?su novads', 1),
(4072, 117, 'Ciblas novads', 1),
(4073, 117, 'Dagda, Dagdas novads', 1),
(4074, 117, 'Dagdas novads', 1),
(4075, 117, 'Daugavpils', 1),
(4076, 117, 'Daugavpils novads', 1),
(4077, 117, 'Dobele, Dobeles novads', 1),
(4078, 117, 'Dobeles novads', 1),
(4079, 117, 'Dundagas novads', 1),
(4080, 117, 'Durbe, Durbes novads', 1),
(4081, 117, 'Durbes novads', 1),
(4082, 117, 'Engures novads', 1),
(4083, 117, '?rg?u novads', 1),
(4084, 117, 'Garkalnes novads', 1),
(4085, 117, 'Grobi?a, Grobi?as novads', 1),
(4086, 117, 'Grobi?as novads', 1),
(4087, 117, 'Gulbene, Gulbenes novads', 1),
(4088, 117, 'Gulbenes novads', 1),
(4089, 117, 'Iecavas novads', 1),
(4090, 117, 'Ikš?ile, Ikš?iles novads', 1),
(4091, 117, 'Ikš?iles novads', 1),
(4092, 117, 'Il?kste, Il?kstes novads', 1),
(4093, 117, 'Il?kstes novads', 1),
(4094, 117, 'In?ukalna novads', 1),
(4095, 117, 'Jaunjelgava, Jaunjelgavas novads', 1),
(4096, 117, 'Jaunjelgavas novads', 1),
(4097, 117, 'Jaunpiebalgas novads', 1),
(4098, 117, 'Jaunpils novads', 1),
(4099, 117, 'Jelgava', 1),
(4100, 117, 'Jelgavas novads', 1),
(4101, 117, 'J?kabpils', 1),
(4102, 117, 'J?kabpils novads', 1),
(4103, 117, 'J?rmala', 1),
(4104, 117, 'Kalnciems, Jelgavas novads', 1),
(4105, 117, 'Kandava, Kandavas novads', 1),
(4106, 117, 'Kandavas novads', 1),
(4107, 117, 'K?rsava, K?rsavas novads', 1),
(4108, 117, 'K?rsavas novads', 1),
(4109, 117, 'Koc?nu novads ,bij. Valmieras)', 1),
(4110, 117, 'Kokneses novads', 1),
(4111, 117, 'Kr?slava, Kr?slavas novads', 1),
(4112, 117, 'Kr?slavas novads', 1),
(4113, 117, 'Krimuldas novads', 1),
(4114, 117, 'Krustpils novads', 1),
(4115, 117, 'Kuld?ga, Kuld?gas novads', 1),
(4116, 117, 'Kuld?gas novads', 1),
(4117, 117, '?eguma novads', 1),
(4118, 117, '?egums, ?eguma novads', 1),
(4119, 117, '?ekavas novads', 1),
(4120, 117, 'Lielv?rde, Lielv?rdes novads', 1),
(4121, 117, 'Lielv?rdes novads', 1),
(4122, 117, 'Liep?ja', 1),
(4123, 117, 'Limbaži, Limbažu novads', 1),
(4124, 117, 'Limbažu novads', 1),
(4125, 117, 'L?gatne, L?gatnes novads', 1),
(4126, 117, 'L?gatnes novads', 1),
(4127, 117, 'L?v?ni, L?v?nu novads', 1),
(4128, 117, 'L?v?nu novads', 1),
(4129, 117, 'Lub?na, Lub?nas novads', 1),
(4130, 117, 'Lub?nas novads', 1),
(4131, 117, 'Ludza, Ludzas novads', 1),
(4132, 117, 'Ludzas novads', 1),
(4133, 117, 'Madona, Madonas novads', 1),
(4134, 117, 'Madonas novads', 1),
(4135, 117, 'Mazsalaca, Mazsalacas novads', 1),
(4136, 117, 'Mazsalacas novads', 1),
(4137, 117, 'M?lpils novads', 1),
(4138, 117, 'M?rupes novads', 1),
(4139, 117, 'M?rsraga novads', 1),
(4140, 117, 'Naukš?nu novads', 1),
(4141, 117, 'Neretas novads', 1),
(4142, 117, 'N?cas novads', 1),
(4143, 117, 'Ogre, Ogres novads', 1),
(4144, 117, 'Ogres novads', 1),
(4145, 117, 'Olaine, Olaines novads', 1),
(4146, 117, 'Olaines novads', 1),
(4147, 117, 'Ozolnieku novads', 1),
(4148, 117, 'P?rgaujas novads', 1),
(4149, 117, 'P?vilosta, P?vilostas novads', 1),
(4150, 117, 'P?vilostas novads', 1),
(4151, 117, 'Piltene, Ventspils novads', 1),
(4152, 117, 'P?avi?as, P?avi?u novads', 1),
(4153, 117, 'P?avi?u novads', 1),
(4154, 117, 'Prei?i, Prei?u novads', 1),
(4155, 117, 'Prei?u novads', 1),
(4156, 117, 'Priekule, Priekules novads', 1),
(4157, 117, 'Priekules novads', 1),
(4158, 117, 'Prieku?u novads', 1),
(4159, 117, 'Raunas novads', 1),
(4160, 117, 'R?zekne', 1),
(4161, 117, 'R?zeknes novads', 1),
(4162, 117, 'Riebi?u novads', 1),
(4163, 117, 'R?ga', 1),
(4164, 117, 'Rojas novads', 1),
(4165, 117, 'Ropažu novads', 1),
(4166, 117, 'Rucavas novads', 1),
(4167, 117, 'Rug?ju novads', 1),
(4168, 117, 'Rund?les novads', 1),
(4169, 117, 'R?jiena, R?jienas novads', 1),
(4170, 117, 'R?jienas novads', 1),
(4171, 117, 'Sabile, Talsu novads', 1),
(4172, 117, 'Salacgr?va, Salacgr?vas novads', 1),
(4173, 117, 'Salacgr?vas novads', 1),
(4174, 117, 'Salas novads', 1),
(4175, 117, 'Salaspils novads', 1),
(4176, 117, 'Salaspils, Salaspils novads', 1),
(4177, 117, 'Saldus novads', 1),
(4178, 117, 'Saldus, Saldus novads', 1),
(4179, 117, 'Saulkrasti, Saulkrastu novads', 1),
(4180, 117, 'Saulkrastu novads', 1),
(4181, 117, 'Seda, Stren?u novads', 1),
(4182, 117, 'S?jas novads', 1),
(4183, 117, 'Sigulda, Siguldas novads', 1),
(4184, 117, 'Siguldas novads', 1),
(4185, 117, 'Skr?veru novads', 1),
(4186, 117, 'Skrunda, Skrundas novads', 1),
(4187, 117, 'Skrundas novads', 1),
(4188, 117, 'Smiltene, Smiltenes novads', 1),
(4189, 117, 'Smiltenes novads', 1),
(4190, 117, 'Staicele, Alojas novads', 1),
(4191, 117, 'Stende, Talsu novads', 1),
(4192, 117, 'Stopi?u novads', 1),
(4193, 117, 'Stren?i, Stren?u novads', 1),
(4194, 117, 'Stren?u novads', 1),
(4195, 117, 'Subate, Il?kstes novads', 1),
(4196, 117, 'Talsi, Talsu novads', 1),
(4197, 117, 'Talsu novads', 1),
(4198, 117, 'T?rvetes novads', 1),
(4199, 117, 'Tukuma novads', 1),
(4200, 117, 'Tukums, Tukuma novads', 1),
(4201, 117, 'Vai?odes novads', 1),
(4202, 117, 'Valdem?rpils, Talsu novads', 1),
(4203, 117, 'Valka, Valkas novads', 1),
(4204, 117, 'Valkas novads', 1),
(4205, 117, 'Valmiera', 1),
(4206, 117, 'Vangaži, In?ukalna novads', 1),
(4207, 117, 'Varak??ni, Varak??nu novads', 1),
(4208, 117, 'Varak??nu novads', 1),
(4209, 117, 'V?rkavas novads', 1),
(4210, 117, 'Vecpiebalgas novads', 1),
(4211, 117, 'Vecumnieku novads', 1),
(4212, 117, 'Ventspils', 1),
(4213, 117, 'Ventspils novads', 1),
(4214, 117, 'Vies?te, Vies?tes novads', 1),
(4215, 117, 'Vies?tes novads', 1),
(4216, 117, 'Vi?aka, Vi?akas novads', 1),
(4217, 117, 'Vi?akas novads', 1),
(4218, 117, 'Vi??ni, Vi??nu novads', 1),
(4219, 117, 'Vi??nu novads', 1),
(4220, 117, 'Zilupe, Zilupes novads', 1),
(4221, 117, 'Zilupes novads', 1),
(4222, 43, 'Arica y Parinacota', 1),
(4223, 43, 'Los Rios', 1),
(4224, 220, 'Kharkivs''ka Oblast''', 1),
(4227, 100, 'Kalimantan Utara', 1),
(4228, 100, 'Papua Barat', 1),
(4229, 100, 'Sulawesi Barat', 1);

-- --------------------------------------------------------

--
-- Table structure for table `country`
--

CREATE TABLE IF NOT EXISTS `country` (
  `country_id` int(11) NOT NULL AUTO_INCREMENT,
  `name` varchar(128) NOT NULL,
  `status` tinyint(1) NOT NULL DEFAULT '1',
  PRIMARY KEY (`country_id`)
) ENGINE=InnoDB  DEFAULT CHARSET=latin1 AUTO_INCREMENT=258 ;

--
-- Dumping data for table `country`
--

INSERT INTO `country` (`country_id`, `name`, `status`) VALUES
(1, 'Afghanistan', 1),
(2, 'Albania', 1),
(3, 'Algeria', 1),
(4, 'American Samoa', 1),
(5, 'Andorra', 1),
(6, 'Angola', 1),
(7, 'Anguilla', 1),
(8, 'Antarctica', 1),
(9, 'Antigua and Barbuda', 1),
(10, 'Argentina', 1),
(11, 'Armenia', 1),
(12, 'Aruba', 1),
(13, 'Australia', 1),
(14, 'Austria', 1),
(15, 'Azerbaijan', 1),
(16, 'Bahamas', 1),
(17, 'Bahrain', 1),
(18, 'Bangladesh', 1),
(19, 'Barbados', 1),
(20, 'Belarus', 1),
(21, 'Belgium', 1),
(22, 'Belize', 1),
(23, 'Benin', 1),
(24, 'Bermuda', 1),
(25, 'Bhutan', 1),
(26, 'Bolivia', 1),
(27, 'Bosnia and Herzegovina', 1),
(28, 'Botswana', 1),
(29, 'Bouvet Island', 1),
(30, 'Brazil', 1),
(31, 'British Indian Ocean Territory', 1),
(32, 'Brunei Darussalam', 1),
(33, 'Bulgaria', 1),
(34, 'Burkina Faso', 1),
(35, 'Burundi', 1),
(36, 'Cambodia', 1),
(37, 'Cameroon', 1),
(38, 'Canada', 1),
(39, 'Cape Verde', 1),
(40, 'Cayman Islands', 1),
(41, 'Central African Republic', 1),
(42, 'Chad', 1),
(43, 'Chile', 1),
(44, 'China', 1),
(45, 'Christmas Island', 1),
(46, 'Cocos (Keeling) Islands', 1),
(47, 'Colombia', 1),
(48, 'Comoros', 1),
(49, 'Congo', 1),
(50, 'Cook Islands', 1),
(51, 'Costa Rica', 1),
(52, 'Cote D''Ivoire', 1),
(53, 'Croatia', 1),
(54, 'Cuba', 1),
(55, 'Cyprus', 1),
(56, 'Czech Republic', 1),
(57, 'Denmark', 1),
(58, 'Djibouti', 1),
(59, 'Dominica', 1),
(60, 'Dominican Republic', 1),
(61, 'East Timor', 1),
(62, 'Ecuador', 1),
(63, 'Egypt', 1),
(64, 'El Salvador', 1),
(65, 'Equatorial Guinea', 1),
(66, 'Eritrea', 1),
(67, 'Estonia', 1),
(68, 'Ethiopia', 1),
(69, 'Falkland Islands (Malvinas)', 1),
(70, 'Faroe Islands', 1),
(71, 'Fiji', 1),
(72, 'Finland', 1),
(74, 'France, Metropolitan', 1),
(75, 'French Guiana', 1),
(76, 'French Polynesia', 1),
(77, 'French Southern Territories', 1),
(78, 'Gabon', 1),
(79, 'Gambia', 1),
(80, 'Georgia', 1),
(81, 'Germany', 1),
(82, 'Ghana', 1),
(83, 'Gibraltar', 1),
(84, 'Greece', 1),
(85, 'Greenland', 1),
(86, 'Grenada', 1),
(87, 'Guadeloupe', 1),
(88, 'Guam', 1),
(89, 'Guatemala', 1),
(90, 'Guinea', 1),
(91, 'Guinea-Bissau', 1),
(92, 'Guyana', 1),
(93, 'Haiti', 1),
(94, 'Heard and Mc Donald Islands', 1),
(95, 'Honduras', 1),
(96, 'Hong Kong', 1),
(97, 'Hungary', 1),
(98, 'Iceland', 1),
(99, 'India', 1),
(100, 'Indonesia', 1),
(101, 'Iran', 1),
(102, 'Iraq', 1),
(103, 'Ireland', 1),
(104, 'Israel', 1),
(105, 'Italy', 1),
(106, 'Jamaica', 1),
(107, 'Japan', 1),
(108, 'Jordan', 1),
(109, 'Kazakhstan', 1),
(110, 'Kenya', 1),
(111, 'Kiribati', 1),
(112, 'North Korea', 1),
(113, 'Korea, Republic of', 1),
(114, 'Kuwait', 1),
(115, 'Kyrgyzstan', 1),
(116, 'Lao People''s Democratic Republic', 1),
(117, 'Latvia', 1),
(118, 'Lebanon', 1),
(119, 'Lesotho', 1),
(120, 'Liberia', 1),
(121, 'Libyan Arab Jamahiriya', 1),
(122, 'Liechtenstein', 1),
(123, 'Lithuania', 1),
(124, 'Luxembourg', 1),
(125, 'Macau', 1),
(126, 'FYROM', 1),
(127, 'Madagascar', 1),
(128, 'Malawi', 1),
(129, 'Malaysia', 1),
(130, 'Maldives', 1),
(131, 'Mali', 1),
(132, 'Malta', 1),
(133, 'Marshall Islands', 1),
(134, 'Martinique', 1),
(135, 'Mauritania', 1),
(136, 'Mauritius', 1),
(137, 'Mayotte', 1),
(138, 'Mexico', 1),
(139, 'Micronesia, Federated States of', 1),
(140, 'Moldova, Republic of', 1),
(141, 'Monaco', 1),
(142, 'Mongolia', 1),
(143, 'Montserrat', 1),
(144, 'Morocco', 1),
(145, 'Mozambique', 1),
(146, 'Myanmar', 1),
(147, 'Namibia', 1),
(148, 'Nauru', 1),
(149, 'Nepal', 1),
(150, 'Netherlands', 1),
(151, 'Netherlands Antilles', 1),
(152, 'New Caledonia', 1),
(153, 'New Zealand', 1),
(154, 'Nicaragua', 1),
(155, 'Niger', 1),
(156, 'Nigeria', 1),
(157, 'Niue', 1),
(158, 'Norfolk Island', 1),
(159, 'Northern Mariana Islands', 1),
(160, 'Norway', 1),
(161, 'Oman', 1),
(162, 'Pakistan', 1),
(163, 'Palau', 1),
(164, 'Panama', 1),
(165, 'Papua New Guinea', 1),
(166, 'Paraguay', 1),
(167, 'Peru', 1),
(168, 'Philippines', 1),
(169, 'Pitcairn', 1),
(170, 'Poland', 1),
(171, 'Portugal', 1),
(172, 'Puerto Rico', 1),
(173, 'Qatar', 1),
(174, 'Reunion', 1),
(175, 'Romania', 1),
(176, 'Russian Federation', 1),
(177, 'Rwanda', 1),
(178, 'Saint Kitts and Nevis', 1),
(179, 'Saint Lucia', 1),
(180, 'Saint Vincent and the Grenadines', 1),
(181, 'Samoa', 1),
(182, 'San Marino', 1),
(183, 'Sao Tome and Principe', 1),
(184, 'Saudi Arabia', 1),
(185, 'Senegal', 1),
(186, 'Seychelles', 1),
(187, 'Sierra Leone', 1),
(188, 'Singapore', 1),
(189, 'Slovak Republic', 1),
(190, 'Slovenia', 1),
(191, 'Solomon Islands', 1),
(192, 'Somalia', 1),
(193, 'South Africa', 1),
(194, 'South Georgia & South Sandwich Islands', 1),
(195, 'Spain', 1),
(196, 'Sri Lanka', 1),
(197, 'St. Helena', 1),
(198, 'St. Pierre and Miquelon', 1),
(199, 'Sudan', 1),
(200, 'Suriname', 1),
(201, 'Svalbard and Jan Mayen Islands', 1),
(202, 'Swaziland', 1),
(203, 'Sweden', 1),
(204, 'Switzerland', 1),
(205, 'Syrian Arab Republic', 1),
(206, 'Taiwan', 1),
(207, 'Tajikistan', 1),
(208, 'Tanzania, United Republic of', 1),
(209, 'Thailand', 1),
(210, 'Togo', 1),
(211, 'Tokelau', 1),
(212, 'Tonga', 1),
(213, 'Trinidad and Tobago', 1),
(214, 'Tunisia', 1),
(215, 'Turkey', 1),
(216, 'Turkmenistan', 1),
(217, 'Turks and Caicos Islands', 1),
(218, 'Tuvalu', 1),
(219, 'Uganda', 1),
(220, 'Ukraine', 1),
(221, 'United Arab Emirates', 1),
(222, 'United Kingdom', 1),
(223, 'United States', 1),
(224, 'United States Minor Outlying Islands', 1),
(225, 'Uruguay', 1),
(226, 'Uzbekistan', 1),
(227, 'Vanuatu', 1),
(228, 'Vatican City State (Holy See)', 1),
(229, 'Venezuela', 1),
(230, 'Viet Nam', 1),
(231, 'Virgin Islands (British)', 1),
(232, 'Virgin Islands (U.S.)', 1),
(233, 'Wallis and Futuna Islands', 1),
(234, 'Western Sahara', 1),
(235, 'Yemen', 1),
(237, 'Democratic Republic of Congo', 1),
(238, 'Zambia', 1),
(239, 'Zimbabwe', 1),
(242, 'Montenegro', 1),
(243, 'Serbia', 1),
(244, 'Aaland Islands', 1),
(245, 'Bonaire, Sint Eustatius and Saba', 1),
(246, 'Curacao', 1),
(247, 'Palestinian Territory, Occupied', 1),
(248, 'South Sudan', 1),
(249, 'St. Barthelemy', 1),
(250, 'St. Martin (French part)', 1),
(251, 'Canary Islands', 1),
(252, 'Ascension Island (British)', 1),
(253, 'Kosovo, Republic of', 1),
(254, 'Isle of Man', 1),
(255, 'Tristan da Cunha', 1),
(256, 'Guernsey', 1),
(257, 'Jersey', 1);

-- --------------------------------------------------------

--
-- Table structure for table `member`
--

CREATE TABLE IF NOT EXISTS `member` (
  `id_member` int(11) NOT NULL AUTO_INCREMENT,
  `id_member_category` int(11) DEFAULT NULL,
  `name` varchar(255) NOT NULL,
  `phone` varchar(15) NOT NULL,
  `gender` varchar(50) NOT NULL,
  `dob` date NOT NULL,
  `address` text NOT NULL,
  `city` int(11) NOT NULL,
  `country` int(11) NOT NULL,
  `password` varchar(255) NOT NULL,
  `auth_key` varchar(32) NOT NULL,
  `email` varchar(50) NOT NULL,
  `password_reset_token` varchar(255) DEFAULT NULL,
  `status` int(11) NOT NULL,
  `created_at` date NOT NULL,
  `updated_at` date NOT NULL,
  PRIMARY KEY (`id_member`),
  KEY `id_member_category` (`id_member_category`)
) ENGINE=InnoDB DEFAULT CHARSET=latin1 AUTO_INCREMENT=1 ;

-- --------------------------------------------------------

--
-- Table structure for table `member_category`
--

CREATE TABLE IF NOT EXISTS `member_category` (
  `id_category` int(11) NOT NULL AUTO_INCREMENT,
  `category` varchar(255) NOT NULL,
  PRIMARY KEY (`id_category`)
) ENGINE=InnoDB DEFAULT CHARSET=latin1 AUTO_INCREMENT=1 ;

-- --------------------------------------------------------

--
-- Table structure for table `member_order`
--

CREATE TABLE IF NOT EXISTS `member_order` (
  `id_order` int(11) NOT NULL AUTO_INCREMENT,
  `id_member` int(11) DEFAULT NULL,
  `total` int(11) NOT NULL,
  `created_at` date NOT NULL,
  `updated_at` date NOT NULL,
  PRIMARY KEY (`id_order`),
  KEY `id_member` (`id_member`)
) ENGINE=InnoDB DEFAULT CHARSET=latin1 AUTO_INCREMENT=1 ;

-- --------------------------------------------------------

--
-- Table structure for table `member_order_product`
--

CREATE TABLE IF NOT EXISTS `member_order_product` (
  `id_order_product` int(11) NOT NULL AUTO_INCREMENT,
  `id_order` int(11) DEFAULT NULL,
  `id_product` int(11) DEFAULT NULL,
  `quantity` int(11) NOT NULL,
  `price` int(11) NOT NULL,
  `total` int(11) NOT NULL,
  PRIMARY KEY (`id_order_product`),
  KEY `id_order` (`id_order`),
  KEY `id_product` (`id_product`)
) ENGINE=InnoDB DEFAULT CHARSET=latin1 AUTO_INCREMENT=1 ;

-- --------------------------------------------------------

--
-- Table structure for table `migration`
--

CREATE TABLE IF NOT EXISTS `migration` (
  `version` varchar(180) NOT NULL,
  `apply_time` int(11) DEFAULT NULL,
  PRIMARY KEY (`version`)
) ENGINE=InnoDB DEFAULT CHARSET=latin1;

--
-- Dumping data for table `migration`
--

INSERT INTO `migration` (`version`, `apply_time`) VALUES
('m000000_000000_base', 1445653119),
('m130524_201442_init', 1445653123);

-- --------------------------------------------------------

--
-- Table structure for table `product`
--

CREATE TABLE IF NOT EXISTS `product` (
  `id_product` int(11) NOT NULL AUTO_INCREMENT,
  `name` varchar(255) NOT NULL,
  `description` text,
  `price` int(11) DEFAULT NULL,
  PRIMARY KEY (`id_product`)
) ENGINE=InnoDB DEFAULT CHARSET=latin1 AUTO_INCREMENT=1 ;

-- --------------------------------------------------------

--
-- Table structure for table `user`
--

CREATE TABLE IF NOT EXISTS `user` (
  `id` int(11) NOT NULL AUTO_INCREMENT,
  `username` varchar(255) COLLATE utf8_unicode_ci NOT NULL,
  `auth_key` varchar(32) COLLATE utf8_unicode_ci NOT NULL,
  `password_hash` varchar(255) COLLATE utf8_unicode_ci NOT NULL,
  `password_reset_token` varchar(255) COLLATE utf8_unicode_ci DEFAULT NULL,
  `email` varchar(255) COLLATE utf8_unicode_ci NOT NULL,
  `status` smallint(6) NOT NULL DEFAULT '10',
  `created_at` int(11) NOT NULL,
  `updated_at` int(11) NOT NULL,
  PRIMARY KEY (`id`),
  UNIQUE KEY `username` (`username`),
  UNIQUE KEY `email` (`email`),
  UNIQUE KEY `password_reset_token` (`password_reset_token`)
) ENGINE=InnoDB  DEFAULT CHARSET=utf8 COLLATE=utf8_unicode_ci AUTO_INCREMENT=2 ;

--
-- Dumping data for table `user`
--

INSERT INTO `user` (`id`, `username`, `auth_key`, `password_hash`, `password_reset_token`, `email`, `status`, `created_at`, `updated_at`) VALUES
(1, 'arya_w', 'pVPZ2KqdUEs7kCiXEV5uxpJTAvlwpZRv', '$2y$13$CXLJBfTGKVwB4NNazdIT/u423YY2hzRH56Fz6rRiHt/5PPRXXTFs2', NULL, 'arya@alamaya.com', 10, 1445823505, 1445823505);

--
-- Constraints for dumped tables
--

--
-- Constraints for table `member`
--
ALTER TABLE `member`
  ADD CONSTRAINT `member_ibfk_1` FOREIGN KEY (`id_member_category`) REFERENCES `member_category` (`id_category`) ON DELETE SET NULL ON UPDATE CASCADE;

--
-- Constraints for table `member_order`
--
ALTER TABLE `member_order`
  ADD CONSTRAINT `member_order_ibfk_1` FOREIGN KEY (`id_member`) REFERENCES `member` (`id_member`) ON DELETE SET NULL ON UPDATE CASCADE;

--
-- Constraints for table `member_order_product`
--
ALTER TABLE `member_order_product`
  ADD CONSTRAINT `member_order_product_ibfk_1` FOREIGN KEY (`id_order`) REFERENCES `member_order` (`id_order`) ON DELETE SET NULL ON UPDATE CASCADE,
  ADD CONSTRAINT `member_order_product_ibfk_2` FOREIGN KEY (`id_product`) REFERENCES `product` (`id_product`) ON DELETE CASCADE ON UPDATE CASCADE;

/*!40101 SET CHARACTER_SET_CLIENT=@OLD_CHARACTER_SET_CLIENT */;
/*!40101 SET CHARACTER_SET_RESULTS=@OLD_CHARACTER_SET_RESULTS */;
/*!40101 SET COLLATION_CONNECTION=@OLD_COLLATION_CONNECTION */;
